position,name,week,points,source
QB,Colin Kaepernick,9.0,22.84,NFL.com
QB,Drew Brees,9.0,20.64,NFL.com
QB,Marcus Mariota,9.0,19.16,NFL.com
QB,Joe Flacco,9.0,17.22,NFL.com
QB,Aaron Rodgers,9.0,16.68,NFL.com
QB,Andrew Luck,9.0,15.78,NFL.com
QB,Ben Roethlisberger,9.0,15.72,NFL.com
QB,Alex Smith,9.0,15.7,NFL.com
QB,Jameis Winston,9.0,15.18,NFL.com
QB,Josh McCown,9.0,15.14,NFL.com
QB,Ryan Fitzpatrick,9.0,15.12,NFL.com
QB,Cam Newton,9.0,15.04,NFL.com
QB,Russell Wilson,9.0,14.92,NFL.com
QB,Blake Bortles,9.0,14.4,NFL.com
QB,Matt Ryan,9.0,14.18,NFL.com
QB,Dak Prescott,9.0,14.16,NFL.com
QB,Ryan Tannehill,9.0,13.48,NFL.com
QB,Matthew Stafford,9.0,13.46,NFL.com
QB,Tyrod Taylor,9.0,13.12,NFL.com
QB,Carson Wentz,9.0,13.04,NFL.com
QB,Derek Carr,9.0,12.98,NFL.com
QB,Sam Bradford,9.0,12.26,NFL.com
QB,Trevor Siemian,9.0,12.2,NFL.com
QB,Case Keenum,9.0,11.76,NFL.com
QB,Eli Manning,9.0,11.74,NFL.com
RB,Devonta Freeman,9.0,16.6,NFL.com
RB,DeMarco Murray,9.0,15.7,NFL.com
RB,Mark Ingram,9.0,15.4,NFL.com
RB,Antone Smith,9.0,15.1,NFL.com
RB,Rashad Jennings,9.0,14.9,NFL.com
RB,Devontae Booker,9.0,14.7,NFL.com
RB,Christine Michael,9.0,14.4,NFL.com
RB,Ezekiel Elliott,9.0,14.3,NFL.com
RB,Melvin Gordon,9.0,14.3,NFL.com
RB,Carlos Hyde,9.0,14.2,NFL.com
RB,Spencer Ware,9.0,14.2,NFL.com
RB,Theo Riddick,9.0,13.2,NFL.com
RB,Tim Hightower,9.0,12.4,NFL.com
RB,Matt Asiata,9.0,12.2,NFL.com
RB,Le'Veon Bell,9.0,10.9,NFL.com
RB,Ryan Mathews,9.0,10.5,NFL.com
RB,Derrick Henry,9.0,9.5,NFL.com
RB,Charcandrick West,9.0,9.5,NFL.com
RB,Matt Forte,9.0,9.4,NFL.com
RB,C.J. Prosise,9.0,8.8,NFL.com
RB,Todd Gurley,9.0,8.7,NFL.com
RB,Bishop Sankey,9.0,8.3,NFL.com
RB,James Starks,9.0,8.3,NFL.com
RB,Mike Davis,9.0,7.8,NFL.com
RB,Kyle Juszczyk,9.0,7.6,NFL.com
WR,Mike Evans,9.0,14.5,NFL.com
WR,Amari Cooper,9.0,14.0,NFL.com
WR,Odell Beckham,9.0,13.2,NFL.com
WR,Allen Robinson,9.0,12.7,NFL.com
WR,Kenny Britt,9.0,12.4,NFL.com
WR,Allen Hurns,9.0,12.1,NFL.com
WR,Jeremy Maclin,9.0,12.1,NFL.com
WR,Michael Crabtree,9.0,12.0,NFL.com
WR,Tyrell Williams,9.0,12.0,NFL.com
WR,Randall Cobb,9.0,11.9,NFL.com
WR,Jordan Matthews,9.0,11.7,NFL.com
WR,Davante Adams,9.0,11.5,NFL.com
WR,Stefon Diggs,9.0,11.5,NFL.com
WR,Jeremy Kerley,9.0,11.5,NFL.com
WR,Rishard Matthews,9.0,10.8,NFL.com
WR,Mohamed Sanu,9.0,10.4,NFL.com
WR,Kenny Stills,9.0,10.3,NFL.com
WR,Adam Thielen,9.0,10.3,NFL.com
WR,Adam Humphries,9.0,10.2,NFL.com
WR,Marqise Lee,9.0,10.1,NFL.com
WR,Cordarrelle Patterson,9.0,9.8,NFL.com
WR,Brian Quick,9.0,9.8,NFL.com
WR,Seth Roberts,9.0,9.8,NFL.com
WR,Chris Conley,9.0,9.7,NFL.com
WR,Tyreek Hill,9.0,9.5,NFL.com
TE,Jimmy Graham,9.0,12.3,NFL.com
TE,Travis Kelce,9.0,10.9,NFL.com
TE,Zach Ertz,9.0,10.4,NFL.com
TE,Kyle Rudolph,9.0,10.3,NFL.com
TE,Dennis Pitta,9.0,10.2,NFL.com
TE,Austin Hooper,9.0,9.0,NFL.com
TE,Clive Walford,9.0,8.8,NFL.com
TE,Vance McDonald,9.0,8.7,NFL.com
TE,Xavier Grimble,9.0,7.4,NFL.com
TE,Demetrius Harris,9.0,7.2,NFL.com
TE,Greg Olsen,9.0,6.4,NFL.com
TE,Delanie Walker,9.0,5.9,NFL.com
TE,Gary Barnidge,9.0,4.7,NFL.com
TE,Eric Ebron,9.0,4.4,NFL.com
TE,Cameron Brate,9.0,3.9,NFL.com
TE,Coby Fleener,9.0,3.9,NFL.com
TE,Jason Witten,9.0,3.8,NFL.com
TE,Antonio Gates,9.0,3.5,NFL.com
TE,Charles Clay,9.0,3.3,NFL.com
TE,Hunter Henry,9.0,3.3,NFL.com
TE,Julius Thomas,9.0,3.3,NFL.com
TE,Lance Kendricks,9.0,3.2,NFL.com
TE,Jack Doyle,9.0,3.0,NFL.com
TE,Jesse James,9.0,2.5,NFL.com
TE,Richard Rodgers,9.0,2.3,NFL.com
K,Roberto Aguayo,9.0,11.0,NFL.com
K,Dan Bailey,9.0,11.0,NFL.com
K,Matt Bryant,9.0,11.0,NFL.com
K,Mason Crosby,9.0,11.0,NFL.com
K,Phil Dawson,9.0,11.0,NFL.com
K,Nick Folk,9.0,11.0,NFL.com
K,Steven Hauschka,9.0,11.0,NFL.com
K,Ryan Succop,9.0,11.0,NFL.com
K,Blair Walsh,9.0,11.0,NFL.com
K,Andrew Franks,9.0,10.0,NFL.com
K,Wil Lutz,9.0,9.0,NFL.com
K,Chris Boswell,9.0,8.0,NFL.com
K,Graham Gano,9.0,8.0,NFL.com
K,Brandon McManus,9.0,8.0,NFL.com
K,Cairo Santos,9.0,8.0,NFL.com
K,Justin Tucker,9.0,8.0,NFL.com
K,Sebastian Janikowski,9.0,7.0,NFL.com
K,Josh Lambo,9.0,5.0,NFL.com
K,Caleb Sturgis,9.0,5.0,NFL.com
K,Cody Parkey,9.0,4.0,NFL.com
K,Matt Prater,9.0,4.0,NFL.com
K,Greg Zuerlein,9.0,4.0,NFL.com
K,Robbie Gould,9.0,2.0,NFL.com
K,Adam Vinatieri,9.0,2.0,NFL.com
K,Dan Carpenter,9.0,1.0,NFL.com
DEF,Kansas City Chiefs,9.0,12.0,NFL.com
DEF,Carolina Panthers,9.0,12.0,NFL.com
DEF,Pittsburgh Steelers,9.0,11.0,NFL.com
DEF,Cleveland Browns,9.0,6.0,NFL.com
DEF,Tampa Bay Buccaneers,9.0,6.0,NFL.com
DEF,San Diego Chargers,9.0,6.0,NFL.com
DEF,Dallas Cowboys,9.0,6.0,NFL.com
DEF,New York Giants,9.0,6.0,NFL.com
DEF,Detroit Lions,9.0,6.0,NFL.com
DEF,Green Bay Packers,9.0,6.0,NFL.com
DEF,Oakland Raiders,9.0,6.0,NFL.com
DEF,Los Angeles Rams,9.0,6.0,NFL.com
DEF,Minnesota Vikings,9.0,6.0,NFL.com
DEF,Denver Broncos,9.0,5.0,NFL.com
DEF,Baltimore Ravens,9.0,5.0,NFL.com
DEF,Buffalo Bills,9.0,4.0,NFL.com
DEF,Miami Dolphins,9.0,4.0,NFL.com
DEF,New York Jets,9.0,4.0,NFL.com
DEF,Seattle Seahawks,9.0,4.0,NFL.com
DEF,Tennessee Titans,9.0,4.0,NFL.com
DEF,Philadelphia Eagles,9.0,3.0,NFL.com
DEF,Indianapolis Colts,9.0,2.0,NFL.com
DEF,Jacksonville Jaguars,9.0,2.0,NFL.com
DEF,New Orleans Saints,9.0,2.0,NFL.com
QB,Eli Manning,9.0,11.74,NFL.com
QB,Philip Rivers,9.0,11.68,NFL.com
QB,Nick Foles,9.0,3.22,NFL.com
QB,Kevin Hogan,9.0,0.78,NFL.com
QB,Brett Hundley,9.0,0.46,NFL.com
QB,Paxton Lynch,9.0,0.42,NFL.com
QB,Ryan Nassib,9.0,0.42,NFL.com
QB,Mark Sanchez,9.0,0.42,NFL.com
QB,Derek Anderson,9.0,0.36,NFL.com
QB,Kellen Clemens,9.0,0.36,NFL.com
QB,Blaine Gabbert,9.0,0.36,NFL.com
QB,Jared Goff,9.0,0.36,NFL.com
QB,Shaun Hill,9.0,0.36,NFL.com
QB,Ryan Mallett,9.0,0.36,NFL.com
QB,EJ Manuel,9.0,0.34,NFL.com
QB,Matt McGloin,9.0,0.32,NFL.com
QB,Trevone Boykin,9.0,0.28,NFL.com
QB,Mike Glennon,9.0,0.28,NFL.com
QB,Landry Jones,9.0,0.28,NFL.com
QB,Matt Moore,9.0,0.28,NFL.com
QB,Bryce Petty,9.0,0.28,NFL.com
QB,Scott Tolzien,9.0,0.24,NFL.com
QB,Matt Cassel,9.0,0.2,NFL.com
QB,Luke McCown,9.0,0.16,NFL.com
QB,Chase Daniel,9.0,0.12,NFL.com
RB,Kyle Juszczyk,9.0,7.6,NFL.com
RB,LeSean McCoy,9.0,7.4,NFL.com
RB,Terrance West,9.0,7.2,NFL.com
RB,Jay Ajayi,9.0,7.1,NFL.com
RB,Isaiah Crowell,9.0,7.1,NFL.com
RB,Jonathan Stewart,9.0,6.9,NFL.com
RB,Frank Gore,9.0,6.8,NFL.com
RB,Don Jackson,9.0,6.6,NFL.com
RB,Latavius Murray,9.0,5.9,NFL.com
RB,Duke Johnson,9.0,5.5,NFL.com
RB,T.J. Yeldon,9.0,5.1,NFL.com
RB,Bilal Powell,9.0,4.3,NFL.com
RB,Ronnie Hillman,9.0,3.8,NFL.com
RB,Chris Ivory,9.0,3.6,NFL.com
RB,Darren Sproles,9.0,3.6,NFL.com
RB,Jerick McKinnon,9.0,3.5,NFL.com
RB,DeAndre Washington,9.0,3.2,NFL.com
RB,Jalen Richard,9.0,3.1,NFL.com
RB,Paul Perkins,9.0,3.0,NFL.com
RB,Bobby Rainey,9.0,2.3,NFL.com
RB,Fozzy Whittaker,9.0,2.3,NFL.com
RB,Damien Williams,9.0,2.2,NFL.com
RB,DeAngelo Williams,9.0,2.2,NFL.com
RB,Reggie Bush,9.0,2.1,NFL.com
RB,Mike Gillislee,9.0,2.1,NFL.com
WR,Tyreek Hill,9.0,9.5,NFL.com
WR,Dontrelle Inman,9.0,9.5,NFL.com
WR,Jeremy Butler,9.0,9.3,NFL.com
WR,Justin Hunter,9.0,9.3,NFL.com
WR,Julio Jones,9.0,9.1,NFL.com
WR,Ty Montgomery,9.0,9.1,NFL.com
WR,Breshad Perriman,9.0,8.7,NFL.com
WR,Cecil Shorts,9.0,8.6,NFL.com
WR,Taylor Gabriel,9.0,8.4,NFL.com
WR,Jeff Janis,9.0,8.4,NFL.com
WR,Antonio Brown,9.0,8.1,NFL.com
WR,Jarvis Landry,9.0,7.8,NFL.com
WR,Darrius Heyward,9.0,7.6,NFL.com
WR,Russell Shepard,9.0,7.4,NFL.com
WR,Trevor Davis,9.0,7.3,NFL.com
WR,Roger Lewis,9.0,7.3,NFL.com
WR,T.Y. Hilton,9.0,7.2,NFL.com
WR,Brandon Marshall,9.0,7.0,NFL.com
WR,Andre Holmes,9.0,6.9,NFL.com
WR,Michael Thomas,9.0,6.7,NFL.com
WR,Emmanuel Sanders,9.0,6.6,NFL.com
WR,Demaryius Thomas,9.0,6.3,NFL.com
WR,Dez Bryant,9.0,6.2,NFL.com
WR,Brandin Cooks,9.0,6.2,NFL.com
WR,Doug Baldwin,9.0,6.1,NFL.com
TE,Richard Rodgers,9.0,2.3,NFL.com
TE,Jared Cook,9.0,2.2,NFL.com
TE,Austin Seferian,9.0,2.2,NFL.com
TE,Erik Swoope,9.0,2.1,NFL.com
TE,Virgil Green,9.0,2.0,NFL.com
TE,Will Tye,9.0,2.0,NFL.com
TE,Larry Donnell,9.0,1.9,NFL.com
TE,Jordan Cameron,9.0,1.8,NFL.com
TE,Dwayne Allen,9.0,1.6,NFL.com
TE,Marcedes Lewis,9.0,1.5,NFL.com
TE,Garrett Celek,9.0,1.4,NFL.com
TE,Mychal Rivera,9.0,1.4,NFL.com
TE,Crockett Gillmore,9.0,1.2,NFL.com
TE,Trey Burton,9.0,0.9,NFL.com
TE,Brent Celek,9.0,0.9,NFL.com
TE,Anthony Fasano,9.0,0.9,NFL.com
TE,Josh Hill,9.0,0.9,NFL.com
TE,Ed Dickson,9.0,0.8,NFL.com
TE,Brandon Myers,9.0,0.8,NFL.com
TE,Nick O'Leary,9.0,0.8,NFL.com
TE,Neal Sterling,9.0,0.8,NFL.com
TE,Levine Toilolo,9.0,0.8,NFL.com
TE,Tyler Higbee,9.0,0.6,NFL.com
TE,Chris Manhertz,9.0,0.6,NFL.com
TE,Luke Stocker,9.0,0.6,NFL.com
K,Dan Carpenter,9.0,1.0,NFL.com
K,Jason Myers,9.0,1.0,NFL.com
K,Ka'imi Fairbairn,9.0,0.0,NFL.com
K,Patrick Murray,9.0,0.0,NFL.com
DEF,New Orleans Saints,9.0,2.0,NFL.com
DEF,San Francisco 49ers,9.0,1.0,NFL.com
DEF,Atlanta Falcons,9.0,0.0,NFL.com
RB,Cameron Artis,9.0,2.0,NFL.com
RB,Lance Dunbar,9.0,2.0,NFL.com
RB,Wendell Smallwood,9.0,2.0,NFL.com
RB,Robert Turbin,9.0,2.0,NFL.com
RB,Kenneth Dixon,9.0,1.9,NFL.com
RB,Alfred Morris,9.0,1.9,NFL.com
RB,Terron Ward,9.0,1.9,NFL.com
RB,Dwayne Washington,9.0,1.9,NFL.com
RB,Peyton Barber,9.0,1.8,NFL.com
RB,Shaun Draughn,9.0,1.8,NFL.com
RB,Javorius Allen,9.0,1.6,NFL.com
RB,Dexter McCluster,9.0,1.6,NFL.com
RB,Travaris Cadet,9.0,1.5,NFL.com
RB,Stevan Ridley,9.0,1.5,NFL.com
RB,Jamize Olawale,9.0,1.4,NFL.com
RB,Kenjon Barner,9.0,1.3,NFL.com
RB,Benny Cunningham,9.0,1.3,NFL.com
RB,Alex Collins,9.0,1.2,NFL.com
RB,Kenyan Drake,9.0,1.2,NFL.com
RB,Juwan Thompson,9.0,1.2,NFL.com
RB,Zach Zenner,9.0,1.2,NFL.com
RB,Kapri Bibbs,9.0,1.1,NFL.com
RB,Josh Ferguson,9.0,1.1,NFL.com
RB,Aaron Ripkowski,9.0,1.1,NFL.com
RB,Mike Tolbert,9.0,1.1,NFL.com
WR,Marvin Jones,9.0,6.1,NFL.com
WR,Willie Snead,9.0,6.1,NFL.com
WR,Kelvin Benjamin,9.0,5.9,NFL.com
WR,Corey Coleman,9.0,5.9,NFL.com
WR,Jordy Nelson,9.0,5.8,NFL.com
WR,Golden Tate,9.0,5.7,NFL.com
WR,Sammie Coates,9.0,5.6,NFL.com
WR,Steve Smith,9.0,5.6,NFL.com
WR,Cole Beasley,9.0,5.3,NFL.com
WR,Travis Benjamin,9.0,5.3,NFL.com
WR,Terrance Williams,9.0,5.3,NFL.com
WR,Tavon Austin,9.0,5.2,NFL.com
WR,Terrelle Pryor,9.0,5.2,NFL.com
WR,Quincy Enunwa,9.0,5.0,NFL.com
WR,DeVante Parker,9.0,4.9,NFL.com
WR,Donte Moncrief,9.0,4.8,NFL.com
WR,Kamar Aiken,9.0,4.7,NFL.com
WR,Mike Wallace,9.0,4.7,NFL.com
WR,Kendall Wright,9.0,4.7,NFL.com
WR,Robert Woods,9.0,4.5,NFL.com
WR,Dorial Green,9.0,4.3,NFL.com
WR,Jermaine Kearse,9.0,4.3,NFL.com
WR,Anquan Boldin,9.0,4.0,NFL.com
WR,Victor Cruz,9.0,4.0,NFL.com
WR,Tajae Sharpe,9.0,3.9,NFL.com
RB,Kenneth Farrow,9.0,1.0,NFL.com
RB,Andy Janovich,9.0,0.8,NFL.com
RB,Malcolm Brown,9.0,0.7,NFL.com
RB,John Kuhn,9.0,0.6,NFL.com
RB,George Atkinson,9.0,0.5,NFL.com
RB,Antonio Andrews,9.0,0.4,NFL.com
RB,Patrick DiMarco,9.0,0.4,NFL.com
RB,Taiwan Jones,9.0,0.4,NFL.com
RB,Denard Robinson,9.0,0.4,NFL.com
RB,Fitzgerald Toussaint,9.0,0.4,NFL.com
RB,Jerome Felton,9.0,0.3,NFL.com
RB,Jordan Todman,9.0,0.3,NFL.com
RB,Michael Burton,9.0,0.2,NFL.com
RB,Anthony Sherman,9.0,0.2,NFL.com
RB,Jalston Fowler,9.0,0.1,NFL.com
RB,Marcus Murphy,9.0,0.1,NFL.com
RB,Rod Smith,9.0,0.1,NFL.com
RB,Ameer Abdullah,9.0,0.0,NFL.com
RB,C.J. Anderson,9.0,0.0,NFL.com
RB,Dri Archer,9.0,0.0,NFL.com
WR,Ted Ginn,9.0,3.8,NFL.com
WR,Jalin Marshall,9.0,3.8,NFL.com
WR,Eli Rogers,9.0,3.8,NFL.com
WR,Devin Funchess,9.0,3.7,NFL.com
WR,Marquise Goodwin,9.0,3.6,NFL.com
WR,Percy Harvin,9.0,3.6,NFL.com
WR,Sterling Shepard,9.0,3.6,NFL.com
WR,Tyler Lockett,9.0,3.5,NFL.com
WR,Albert Wilson,9.0,3.5,NFL.com
WR,Quinton Patton,9.0,3.4,NFL.com
WR,Justin Hardy,9.0,3.3,NFL.com
WR,Nelson Agholor,9.0,3.2,NFL.com
WR,Corey Brown,9.0,3.1,NFL.com
WR,Torrey Smith,9.0,3.1,NFL.com
WR,Andrew Hawkins,9.0,3.0,NFL.com
WR,Phillip Dorsett,9.0,2.9,NFL.com
WR,Markus Wheaton,9.0,2.9,NFL.com
WR,Brandon Coleman,9.0,2.3,NFL.com
WR,Harry Douglas,9.0,2.0,NFL.com
WR,Ricardo Louis,9.0,2.0,NFL.com
WR,De'Anthony Thomas,9.0,2.0,NFL.com
WR,Chester Rogers,9.0,1.9,NFL.com
WR,Paul Richardson,9.0,1.8,NFL.com
WR,Nelson Spruce,9.0,1.5,NFL.com
WR,Bryce Treggs,9.0,1.5,NFL.com
RB,Zac Brooks,9.0,0.0,NFL.com
RB,Jamaal Charles,9.0,0.0,NFL.com
RB,Tevin Coleman,9.0,0.0,NFL.com
WR,Brice Butler,9.0,1.4,NFL.com
WR,Josh Huff,9.0,1.4,NFL.com
WR,Jordan Norwood,9.0,1.4,NFL.com
WR,Charone Peake,9.0,1.4,NFL.com
WR,Walt Powell,9.0,1.3,NFL.com
WR,Chris Moore,9.0,1.1,NFL.com
WR,Aaron Burbridge,9.0,1.0,NFL.com
WR,Bennie Fowler,9.0,1.0,NFL.com
WR,Rashad Greene,9.0,1.0,NFL.com
WR,Rashard Higgins,9.0,0.9,NFL.com
WR,Bradley Marquez,9.0,0.9,NFL.com
WR,Tanner McEvoy,9.0,0.9,NFL.com
WR,Tevaun Smith,9.0,0.9,NFL.com
WR,Charles Johnson,9.0,0.8,NFL.com
WR,Tommylee Lewis,9.0,0.8,NFL.com
WR,Keshawn Martin,9.0,0.8,NFL.com
WR,Aldrick Robinson,9.0,0.8,NFL.com
WR,Rod Streater,9.0,0.8,NFL.com
WR,Laquon Treadwell,9.0,0.8,NFL.com
WR,Andre Roberts,9.0,0.7,NFL.com
WR,Griff Whalen,9.0,0.7,NFL.com
WR,Robby Anderson,9.0,0.6,NFL.com
WR,Cody Latimer,9.0,0.6,NFL.com
WR,Devin Street,9.0,0.6,NFL.com
WR,Brandon Tate,9.0,0.6,NFL.com
RB,John Crockett,9.0,0.0,NFL.com
RB,Orleans Darkwa,9.0,0.0,NFL.com
RB,Knile Davis,9.0,0.0,NFL.com
RB,Justin Forsett,9.0,0.0,NFL.com
RB,Arian Foster,9.0,0.0,NFL.com
RB,Corey Grant,9.0,0.0,NFL.com
RB,Aaron Green,9.0,0.0,NFL.com
WR,Mike Thomas,9.0,0.6,NFL.com
WR,Leonte Carroo,9.0,0.5,NFL.com
WR,Seth DeValve,9.0,0.5,NFL.com
WR,Lucky Whitehead,9.0,0.5,NFL.com
WR,Brenton Bersin,9.0,0.4,NFL.com
WR,Dwayne Harris,9.0,0.4,NFL.com
WR,Darren Waller,9.0,0.4,NFL.com
WR,Jakeem Grant,9.0,0.3,NFL.com
WR,Devin Hester,9.0,0.2,NFL.com
WR,Marc Mariani,9.0,0.2,NFL.com
WR,Eric Weems,9.0,0.1,NFL.com
WR,Keenan Allen,9.0,0.0,NFL.com
WR,Geronimo Allison,9.0,0.0,NFL.com
WR,DeMarcus Ayers,9.0,0.0,NFL.com
WR,Stedman Bailey,9.0,0.0,NFL.com
WR,Kenny Bell,9.0,0.0,NFL.com
RB,Russell Hansbrough,9.0,0.0,NFL.com
RB,DuJuan Harris,9.0,0.0,NFL.com
RB,Darius Jackson,9.0,0.0,NFL.com
WR,Jace Billingsley,9.0,0.0,NFL.com
WR,Justin Blackmon,9.0,0.0,NFL.com
WR,Moritz Boehringer,9.0,0.0,NFL.com
WR,Josh Boyce,9.0,0.0,NFL.com
WR,Quan Bray,9.0,0.0,NFL.com
WR,LaVon BrazillSUS,9.0,0.0,NFL.com
WR,Jaron Brown,9.0,0.0,NFL.com
WR,Justin BrownIR,9.0,0.0,NFL.com
WR,Vincent BrownIR,9.0,0.0,NFL.com
WR,Martavis Bryant,9.0,0.0,NFL.com
WR,Stephen BurtonIR,9.0,0.0,NFL.com
RB,Chris Johnson,9.0,0.0,NFL.com
RB,Devon Johnson,9.0,0.0,NFL.com
RB,Will Johnson,9.0,0.0,NFL.com
RB,Eddie Lacy,9.0,0.0,NFL.com
RB,Daniel Lasco,9.0,0.0,NFL.com
RB,Dion Lewis,9.0,0.0,NFL.com
RB,Zach Line,9.0,0.0,NFL.com
RB,Erik Lorig,9.0,0.0,NFL.com
RB,Tre Madden,9.0,0.0,NFL.com
RB,Keith Marshall,9.0,0.0,NFL.com
RB,Doug Martin,9.0,0.0,NFL.com
WR,Devon Cajuste,9.0,0.0,NFL.com
WR,Kaelin Clay,9.0,0.0,NFL.com
WR,Pharoh Cooper,9.0,0.0,NFL.com
WR,Geremy Davis,9.0,0.0,NFL.com
WR,Eric Decker,9.0,0.0,NFL.com
WR,Josh Doctson,9.0,0.0,NFL.com
RB,Tre Mason,9.0,0.0,NFL.com
RB,Darren McFadden,9.0,0.0,NFL.com
RB,Raheem Mostert,9.0,0.0,NFL.com
RB,Rajion Neal,9.0,0.0,NFL.com
RB,Branden Oliver,9.0,0.0,NFL.com
RB,Cedric Peerman,9.0,0.0,NFL.com
RB,Adrian Peterson,9.0,0.0,NFL.com
RB,Jhurrell Pressley,9.0,0.0,NFL.com
RB,Thomas Rawls,9.0,0.0,NFL.com
RB,Darrin Reaves,9.0,0.0,NFL.com
RB,Silas Redd,9.0,0.0,NFL.com
WR,Donteea Dye,9.0,0.0,NFL.com
WR,Marcus Easley,9.0,0.0,NFL.com
WR,Bruce Ellington,9.0,0.0,NFL.com
WR,Isaac Fruechte,9.0,0.0,NFL.com
WR,Corey Fuller,9.0,0.0,NFL.com
WR,Devin Fuller,9.0,0.0,NFL.com
WR,Keyarris Garrett,9.0,0.0,NFL.com
WR,Josh Gordon,9.0,0.0,NFL.com
RB,Daryl Richardson,9.0,0.0,NFL.com
RB,Josh RobinsonNWT,9.0,0.0,NFL.com
RB,Jacquizz Rodgers,9.0,0.0,NFL.com
RB,Charles Sims,9.0,0.0,NFL.com
RB,Lorenzo Taliaferro,9.0,0.0,NFL.com
RB,Kelvin Taylor,9.0,0.0,NFL.com
WR,Cobi Hamilton,9.0,0.0,NFL.com
WR,Frankie Hammond,9.0,0.0,NFL.com
WR,Chris Harper,9.0,0.0,NFL.com
WR,Javontee Herndon,9.0,0.0,NFL.com
WR,Vincent Jackson,9.0,0.0,NFL.com
WR,Lestar JeanIR,9.0,0.0,NFL.com
RB,Shane Vereen,9.0,0.0,NFL.com
RB,Nikita Whitlock,9.0,0.0,NFL.com
RB,Brandon Wilds,9.0,0.0,NFL.com
RB,Andre Williams,9.0,0.0,NFL.com
RB,Jonathan Williams,9.0,0.0,NFL.com
RB,Karlos Williams,9.0,0.0,NFL.com
RB,George Winn,9.0,0.0,NFL.com
RB,Glenn Winston,9.0,0.0,NFL.com
RB,Danny Woodhead,9.0,0.0,NFL.com
WR,Andre Johnson,9.0,0.0,NFL.com
WR,Steve Johnson,9.0,0.0,NFL.com
WR,Andy Jones,9.0,0.0,NFL.com
WR,Seantavius Jones,9.0,0.0,NFL.com
WR,T.J. Jones,9.0,0.0,NFL.com
WR,Tavarres King,9.0,0.0,NFL.com
WR,Kenny Lawler,9.0,0.0,NFL.com
WR,Dezmin Lewis,9.0,0.0,NFL.com
WR,Kolby Listenbee,9.0,0.0,NFL.com
WR,Chris Matthews,9.0,0.0,NFL.com
WR,Vince Mayle,9.0,0.0,NFL.com
WR,Tre McBride,9.0,0.0,NFL.com
WR,J.D. McKissic,9.0,0.0,NFL.com
WR,Louis Murphy,9.0,0.0,NFL.com
WR,David NelsonIR,9.0,0.0,NFL.com
WR,Marquez North,9.0,0.0,NFL.com
WR,Jordan Payton,9.0,0.0,NFL.com
WR,Keenan Reynolds,9.0,0.0,NFL.com
WR,Demarcus Robinson,9.0,0.0,NFL.com
WR,Eric Rogers,9.0,0.0,NFL.com
WR,Greg Salas,9.0,0.0,NFL.com
WR,Jalen SaundersSUS,9.0,0.0,NFL.com
QB,Drew Brees,9.0,22.8,Fantasy Sharks
RB,Le'Veon Bell,9.0,22.4,Fantasy Sharks
QB,Cam Newton,9.0,20.6,Fantasy Sharks
QB,Aaron Rodgers,9.0,20.3,Fantasy Sharks
QB,Dak Prescott,9.0,18.6,Fantasy Sharks
QB,Andrew Luck,9.0,18.5,Fantasy Sharks
QB,Jameis Winston,9.0,18.3,Fantasy Sharks
QB,Matt Ryan,9.0,18.0,Fantasy Sharks
RB,Ezekiel Elliott,9.0,17.5,Fantasy Sharks
QB,Tyrod Taylor,9.0,16.7,Fantasy Sharks
QB,Philip Rivers,9.0,16.3,Fantasy Sharks
QB,Ryan Tannehill,9.0,16.2,Fantasy Sharks
QB,Marcus Mariota,9.0,16.0,Fantasy Sharks
QB,Blake Bortles,9.0,15.9,Fantasy Sharks
QB,Russell Wilson,9.0,15.8,Fantasy Sharks
QB,Matthew Stafford,9.0,15.7,Fantasy Sharks
QB,Colin Kaepernick,9.0,15.0,Fantasy Sharks
QB,Sam Bradford,9.0,14.9,Fantasy Sharks
QB,Derek Carr,9.0,14.8,Fantasy Sharks
RB,Devonta Freeman,9.0,14.7,Fantasy Sharks
QB,Joe Flacco,9.0,14.6,Fantasy Sharks
QB,Ben Roethlisberger,9.0,14.5,Fantasy Sharks
QB,Case Keenum,9.0,14.1,Fantasy Sharks
WR,Odell Beckham,9.0,13.7,Fantasy Sharks
QB,Cody Kessler,9.0,13.3,Fantasy Sharks
RB,Matt Forte,9.0,13.1,Fantasy Sharks
WR,Antonio Brown,9.0,12.8,Fantasy Sharks
RB,Jay Ajayi,9.0,12.6,Fantasy Sharks
QB,Eli Manning,9.0,12.6,Fantasy Sharks
QB,Carson Wentz,9.0,12.5,Fantasy Sharks
RB,DeMarco Murray,9.0,12.4,Fantasy Sharks
WR,Brandin Cooks,9.0,12.4,Fantasy Sharks
QB,Trevor Siemian,9.0,11.9,Fantasy Sharks
WR,Mike Evans,9.0,11.9,Fantasy Sharks
QB,Ryan Fitzpatrick,9.0,11.7,Fantasy Sharks
WR,Dez Bryant,9.0,11.7,Fantasy Sharks
RB,Christine Michael,9.0,11.6,Fantasy Sharks
WR,Julio Jones,9.0,11.5,Fantasy Sharks
WR,Brandon Marshall,9.0,11.4,Fantasy Sharks
QB,Alex Smith,9.0,11.4,Fantasy Sharks
RB,Melvin Gordon,9.0,11.3,Fantasy Sharks
WR,T.Y. Hilton,9.0,11.2,Fantasy Sharks
WR,Jordy Nelson,9.0,11.1,Fantasy Sharks
RB,Terrance West,9.0,11.0,Fantasy Sharks
WR,Kelvin Benjamin,9.0,10.7,Fantasy Sharks
RB,Todd Gurley,9.0,10.5,Fantasy Sharks
WR,Allen Robinson,9.0,10.5,Fantasy Sharks
RB,LeSean McCoy,9.0,10.4,Fantasy Sharks
RB,Devontae Booker,9.0,10.3,Fantasy Sharks
RB,Jonathan Stewart,9.0,10.1,Fantasy Sharks
RB,Latavius Murray,9.0,10.1,Fantasy Sharks
WR,Corey Coleman,9.0,9.8,Fantasy Sharks
RB,Carlos Hyde,9.0,9.8,Fantasy Sharks
WR,Ty Montgomery,9.0,9.8,Fantasy Sharks
WR,Doug Baldwin,9.0,9.7,Fantasy Sharks
WR,Kenny Britt,9.0,9.7,Fantasy Sharks
WR,Jarvis Landry,9.0,9.7,Fantasy Sharks
WR,Stefon Diggs,9.0,9.7,Fantasy Sharks
RB,Frank Gore,9.0,9.6,Fantasy Sharks
RB,Mark Ingram,9.0,9.6,Fantasy Sharks
WR,Demaryius Thomas,9.0,9.4,Fantasy Sharks
WR,Amari Cooper,9.0,9.3,Fantasy Sharks
WR,Jordan Matthews,9.0,9.3,Fantasy Sharks
WR,Donte Moncrief,9.0,9.3,Fantasy Sharks
WR,Marvin Jones,9.0,9.3,Fantasy Sharks
WR,Michael Thomas,9.0,9.3,Fantasy Sharks
WR,Michael Crabtree,9.0,9.2,Fantasy Sharks
WR,Terrelle Pryor,9.0,9.1,Fantasy Sharks
WR,Davante Adams,9.0,8.9,Fantasy Sharks
RB,Darren Sproles,9.0,8.8,Fantasy Sharks
TE,Greg Olsen,9.0,8.8,Fantasy Sharks
RB,Theo Riddick,9.0,8.7,Fantasy Sharks
WR,Mohamed Sanu,9.0,8.6,Fantasy Sharks
WR,Robert Woods,9.0,8.6,Fantasy Sharks
RB,Charcandrick West,9.0,8.6,Fantasy Sharks
WR,Jeremy Maclin,9.0,8.6,Fantasy Sharks
WR,Emmanuel Sanders,9.0,8.6,Fantasy Sharks
RB,Isaiah Crowell,9.0,8.4,Fantasy Sharks
WR,Allen Hurns,9.0,8.4,Fantasy Sharks
WR,Quincy Enunwa,9.0,8.1,Fantasy Sharks
TE,Delanie Walker,9.0,8.1,Fantasy Sharks
WR,Kendall Wright,9.0,8.0,Fantasy Sharks
WR,Tavon Austin,9.0,8.0,Fantasy Sharks
RB,Rashad Jennings,9.0,7.9,Fantasy Sharks
WR,Steve Smith,9.0,7.7,Fantasy Sharks
WR,Rishard Matthews,9.0,7.6,Fantasy Sharks
WR,Cole Beasley,9.0,7.6,Fantasy Sharks
WR,Willie Snead,9.0,7.6,Fantasy Sharks
TE,Cameron Brate,9.0,7.5,Fantasy Sharks
WR,Mike Wallace,9.0,7.4,Fantasy Sharks
WR,Kenny Stills,9.0,7.3,Fantasy Sharks
TE,Jack Doyle,9.0,7.3,Fantasy Sharks
RB,Ryan Mathews,9.0,7.2,Fantasy Sharks
WR,Golden Tate,9.0,7.2,Fantasy Sharks
RB,Jerick McKinnon,9.0,7.0,Fantasy Sharks
TE,Antonio Gates,9.0,7.0,Fantasy Sharks
WR,Philly Brown,9.0,6.9,Fantasy Sharks
RB,Tevin Coleman,9.0,6.9,Fantasy Sharks
RB,Peyton Barber,9.0,6.9,Fantasy Sharks
WR,Sammie Coates,9.0,6.9,Fantasy Sharks
TE,Coby Fleener,9.0,6.8,Fantasy Sharks
RB,Mike Gillislee,9.0,6.7,Fantasy Sharks
WR,Ted Ginn Jr.,9.0,6.7,Fantasy Sharks
WR,Randall Cobb,9.0,6.5,Fantasy Sharks
TE,Travis Kelce,9.0,6.5,Fantasy Sharks
WR,Sterling Shepard,9.0,6.5,Fantasy Sharks
WR,Terrance Williams,9.0,6.5,Fantasy Sharks
WR,Torrey Smith,9.0,6.5,Fantasy Sharks
TE,Gary Barnidge,9.0,6.4,Fantasy Sharks
RB,Tim Hightower,9.0,6.3,Fantasy Sharks
WR,Travis Benjamin,9.0,6.2,Fantasy Sharks
RB,Chris Ivory,9.0,6.0,Fantasy Sharks
WR,Marquise Goodwin,9.0,5.9,Fantasy Sharks
RB,Antone Smith,9.0,5.8,Fantasy Sharks
TE,Jimmy Graham,9.0,5.8,Fantasy Sharks
WR,Dontrelle Inman,9.0,5.8,Fantasy Sharks
RB,T.J. Yeldon,9.0,5.8,Fantasy Sharks
TE,Kyle Rudolph,9.0,5.8,Fantasy Sharks
WR,Cecil Shorts,9.0,5.7,Fantasy Sharks
RB,Kapri Bibbs,9.0,5.7,Fantasy Sharks
WR,Anquan Boldin,9.0,5.7,Fantasy Sharks
WR,DeVante Parker,9.0,5.7,Fantasy Sharks
WR,Markus Wheaton,9.0,5.7,Fantasy Sharks
WR,Tyrell Williams,9.0,5.6,Fantasy Sharks
RB,Duke Johnson,9.0,5.6,Fantasy Sharks
RB,Bilal Powell,9.0,5.5,Fantasy Sharks
WR,Tyreek Hill,9.0,5.4,Fantasy Sharks
TE,Jason Witten,9.0,5.4,Fantasy Sharks
WR,Jermaine Kearse,9.0,5.3,Fantasy Sharks
WR,Tajae Sharpe,9.0,5.2,Fantasy Sharks
WR,Marqise Lee,9.0,5.1,Fantasy Sharks
QB,Blaine Gabbert,9.0,5.1,Fantasy Sharks
TE,Julius Thomas,9.0,5.1,Fantasy Sharks
TE,Lance Kendricks,9.0,5.1,Fantasy Sharks
TE,Austin Hooper,9.0,4.9,Fantasy Sharks
RB,Matt Asiata,9.0,4.9,Fantasy Sharks
TE,Vance McDonald,9.0,4.9,Fantasy Sharks
QB,Nick Foles,9.0,4.9,Fantasy Sharks
WR,Dorial Green-Beckham,9.0,4.8,Fantasy Sharks
TE,Hunter Henry,9.0,4.8,Fantasy Sharks
TE,Zach Ertz,9.0,4.7,Fantasy Sharks
RB,Derrick Henry,9.0,4.7,Fantasy Sharks
RB,Paul Perkins,9.0,4.7,Fantasy Sharks
WR,Tyler Lockett,9.0,4.7,Fantasy Sharks
TE,Dennis Pitta,9.0,4.6,Fantasy Sharks
WR,Adam Thielen,9.0,4.6,Fantasy Sharks
WR,Seth Roberts,9.0,4.5,Fantasy Sharks
TE,Eric Ebron,9.0,4.5,Fantasy Sharks
WR,Chris Conley,9.0,4.5,Fantasy Sharks
RB,DeAngelo Williams,9.0,4.3,Fantasy Sharks
RB,Damien Williams,9.0,4.3,Fantasy Sharks
RB,Cameron Artis-Payne,9.0,4.2,Fantasy Sharks
WR,Brandon Coleman,9.0,4.1,Fantasy Sharks
WR,Devin Funchess,9.0,4.0,Fantasy Sharks
RB,John Kuhn,9.0,3.9,Fantasy Sharks
RB,Alfred Morris,9.0,3.9,Fantasy Sharks
TE,Jesse James,9.0,3.9,Fantasy Sharks
WR,Victor Cruz,9.0,3.9,Fantasy Sharks
RB,Javorius Allen,9.0,3.8,Fantasy Sharks
WR,Jeremy Kerley,9.0,3.8,Fantasy Sharks
RB,Fozzy Whittaker,9.0,3.8,Fantasy Sharks
WR,Brian Quick,9.0,3.8,Fantasy Sharks
TE,Virgil Green,9.0,3.7,Fantasy Sharks
RB,Jalen Richard,9.0,3.7,Fantasy Sharks
RB,Dwayne Washington,9.0,3.7,Fantasy Sharks
RB,Shaun Draughn,9.0,3.6,Fantasy Sharks
WR,Phillip Dorsett,9.0,3.6,Fantasy Sharks
RB,Mike Tolbert,9.0,3.5,Fantasy Sharks
TE,Richard Rodgers,9.0,3.4,Fantasy Sharks
RB,Zach Zenner,9.0,3.4,Fantasy Sharks
RB,C.J. Prosise,9.0,3.4,Fantasy Sharks
RB,Kenneth Dixon,9.0,3.4,Fantasy Sharks
RB,Mike Davis,9.0,3.4,Fantasy Sharks
TE,Charles Clay,9.0,3.3,Fantasy Sharks
WR,Nelson Agholor,9.0,3.3,Fantasy Sharks
TE,Larry Donnell,9.0,3.2,Fantasy Sharks
RB,Ronnie Hillman,9.0,3.1,Fantasy Sharks
TE,Clive Walford,9.0,3.1,Fantasy Sharks
QB,Paxton Lynch,9.0,3.1,Fantasy Sharks
WR,Adam Humphries,9.0,3.0,Fantasy Sharks
WR,Quinton Patton,9.0,3.0,Fantasy Sharks
RB,Kyle Juszczyk,9.0,3.0,Fantasy Sharks
WR,Brice Butler,9.0,2.9,Fantasy Sharks
TE,Jordan Cameron,9.0,2.9,Fantasy Sharks
QB,Christian Hackenberg,9.0,2.9,Fantasy Sharks
TE,Will Tye,9.0,2.9,Fantasy Sharks
WR,Eli Rogers,9.0,2.8,Fantasy Sharks
WR,Andrew Hawkins,9.0,2.8,Fantasy Sharks
WR,Russell Shepard,9.0,2.8,Fantasy Sharks
QB,Josh McCown,9.0,2.8,Fantasy Sharks
RB,DeAndre Washington,9.0,2.7,Fantasy Sharks
WR,Jalin Marshall,9.0,2.7,Fantasy Sharks
WR,Taylor Gabriel,9.0,2.7,Fantasy Sharks
WR,Albert Wilson,9.0,2.7,Fantasy Sharks
TE,Crockett Gillmore,9.0,2.6,Fantasy Sharks
WR,Josh Huff,9.0,2.6,Fantasy Sharks
TE,Erik Swoope,9.0,2.6,Fantasy Sharks
RB,Steven Jackson,9.0,2.6,Fantasy Sharks
WR,Darrius Heyward-Bey,9.0,2.6,Fantasy Sharks
RB,Robert Turbin,9.0,2.6,Fantasy Sharks
RB,Chris Polk,9.0,2.5,Fantasy Sharks
WR,Ricardo Louis,9.0,2.5,Fantasy Sharks
WR,Charles Johnson,9.0,2.5,Fantasy Sharks
RB,Dexter McCluster,9.0,2.5,Fantasy Sharks
RB,Travaris Cadet,9.0,2.5,Fantasy Sharks
WR,Bryan Walters,9.0,2.5,Fantasy Sharks
RB,DuJuan Harris,9.0,2.4,Fantasy Sharks
TE,Garrett Celek,9.0,2.3,Fantasy Sharks
RB,Wendell Smallwood,9.0,2.2,Fantasy Sharks
TE,Brent Celek,9.0,2.2,Fantasy Sharks
WR,Andre Johnson,9.0,2.2,Fantasy Sharks
WR,Kamar Aiken,9.0,2.1,Fantasy Sharks
WR,Robby Anderson,9.0,2.1,Fantasy Sharks
WR,Justin Hardy,9.0,2.0,Fantasy Sharks
RB,Bobby Rainey,9.0,2.0,Fantasy Sharks
TE,Mychal Rivera,9.0,2.0,Fantasy Sharks
WR,Bennie Fowler,9.0,2.0,Fantasy Sharks
RB,Don Jackson,9.0,2.0,Fantasy Sharks
RB,Antonio Andrews,9.0,1.9,Fantasy Sharks
WR,Andre Holmes,9.0,1.9,Fantasy Sharks
RB,Justin Forsett,9.0,1.9,Fantasy Sharks
WR,Breshad Perriman,9.0,1.9,Fantasy Sharks
TE,Jared Cook,9.0,1.8,Fantasy Sharks
RB,Benny Cunningham,9.0,1.8,Fantasy Sharks
TE,Marcedes Lewis,9.0,1.8,Fantasy Sharks
WR,Justin Hunter,9.0,1.8,Fantasy Sharks
WR,Devin Smith,9.0,1.8,Fantasy Sharks
RB,Lance Dunbar,9.0,1.7,Fantasy Sharks
RB,Orleans Darkwa,9.0,1.7,Fantasy Sharks
WR,Aldrick Robinson,9.0,1.7,Fantasy Sharks
RB,Kenjon Barner,9.0,1.6,Fantasy Sharks
TE,Ed Dickson,9.0,1.6,Fantasy Sharks
WR,Stedman Bailey,9.0,1.6,Fantasy Sharks
TE,Josh Hill,9.0,1.6,Fantasy Sharks
RB,Jamize Olawale,9.0,1.6,Fantasy Sharks
RB,Reggie Bush,9.0,1.6,Fantasy Sharks
RB,Zach Line,9.0,1.6,Fantasy Sharks
WR,Paul Richardson,9.0,1.6,Fantasy Sharks
WR,Chester Rogers,9.0,1.6,Fantasy Sharks
WR,Jeff Janis,9.0,1.5,Fantasy Sharks
WR,Jordan Norwood,9.0,1.5,Fantasy Sharks
WR,Cordarrelle Patterson,9.0,1.5,Fantasy Sharks
WR,Jarius Wright,9.0,1.5,Fantasy Sharks
WR,Harry Douglas,9.0,1.5,Fantasy Sharks
WR,Marc Mariani,9.0,1.5,Fantasy Sharks
TE,Anthony Fasano,9.0,1.4,Fantasy Sharks
RB,Lorenzo Taliaferro,9.0,1.4,Fantasy Sharks
WR,De'Anthony Thomas,9.0,1.4,Fantasy Sharks
TE,Dion Sims,9.0,1.4,Fantasy Sharks
TE,Brandon Myers,9.0,1.3,Fantasy Sharks
WR,Tanner McEvoy,9.0,1.3,Fantasy Sharks
RB,Terron Ward,9.0,1.3,Fantasy Sharks
QB,Mark Sanchez,9.0,1.3,Fantasy Sharks
WR,Wes Welker,9.0,1.3,Fantasy Sharks
RB,Kenyan Drake,9.0,1.3,Fantasy Sharks
WR,Rashad Greene,9.0,1.2,Fantasy Sharks
TE,Xavier Grimble,9.0,1.2,Fantasy Sharks
TE,Nick O'Leary,9.0,1.2,Fantasy Sharks
QB,Dan Orlovsky,9.0,1.2,Fantasy Sharks
QB,Derek Anderson,9.0,1.2,Fantasy Sharks
WR,Corey Fuller,9.0,1.2,Fantasy Sharks
WR,Dwayne Harris,9.0,1.2,Fantasy Sharks
WR,Andre Roberts,9.0,1.1,Fantasy Sharks
WR,Bradley Marquez,9.0,1.1,Fantasy Sharks
TE,Austin Seferian-Jenkins,9.0,1.1,Fantasy Sharks
TE,Ladarius Green,9.0,1.0,Fantasy Sharks
TE,Demetrius Harris,9.0,1.0,Fantasy Sharks
WR,Walter Powell,9.0,1.0,Fantasy Sharks
TE,Jeff Heuerman,9.0,1.0,Fantasy Sharks
RB,Denard Robinson,9.0,1.0,Fantasy Sharks
QB,Matt Cassel,9.0,0.9,Fantasy Sharks
RB,Jonathan Williams,9.0,0.9,Fantasy Sharks
WR,Louis Murphy,9.0,0.9,Fantasy Sharks
WR,Cody Latimer,9.0,0.9,Fantasy Sharks
RB,Josh Ferguson,9.0,0.9,Fantasy Sharks
RB,Stevan Ridley,9.0,0.9,Fantasy Sharks
RB,Alex Collins,9.0,0.9,Fantasy Sharks
RB,Andy Janovich,9.0,0.9,Fantasy Sharks
TE,Levine Toilolo,9.0,0.9,Fantasy Sharks
RB,Patrick DiMarco,9.0,0.8,Fantasy Sharks
TE,Rhett Ellison,9.0,0.8,Fantasy Sharks
WR,Jason Avant,9.0,0.8,Fantasy Sharks
TE,Daniel Fells,9.0,0.8,Fantasy Sharks
RB,Aaron Ripkowski,9.0,0.8,Fantasy Sharks
QB,Shaun Hill,9.0,0.8,Fantasy Sharks
RB,Daniel Lasco,9.0,0.8,Fantasy Sharks
TE,MarQueis Gray,9.0,0.7,Fantasy Sharks
TE,Phillip Supernaw,9.0,0.7,Fantasy Sharks
QB,Scott Tolzien,9.0,0.7,Fantasy Sharks
QB,Ryan Mallett,9.0,0.7,Fantasy Sharks
QB,Trevone Boykin,9.0,0.7,Fantasy Sharks
QB,E.J. Manuel,9.0,0.7,Fantasy Sharks
TE,Gavin Escobar,9.0,0.7,Fantasy Sharks
WR,Charone Peake,9.0,0.6,Fantasy Sharks
RB,Kenneth Farrow,9.0,0.6,Fantasy Sharks
TE,Blake Bell,9.0,0.6,Fantasy Sharks
RB,Fitzgerald Toussaint,9.0,0.6,Fantasy Sharks
TE,Seth DeValve,9.0,0.6,Fantasy Sharks
WR,Marcus Easley,9.0,0.6,Fantasy Sharks
TE,Brandon Pettigrew,9.0,0.6,Fantasy Sharks
TE,Justin Perillo,9.0,0.5,Fantasy Sharks
WR,Rod Streater,9.0,0.5,Fantasy Sharks
WR,Lucky Whitehead,9.0,0.5,Fantasy Sharks
TE,Tyler Higbee,9.0,0.5,Fantasy Sharks
RB,Taiwan Jones,9.0,0.5,Fantasy Sharks
WR,Tommylee Lewis,9.0,0.5,Fantasy Sharks
TE,Ben Koyack,9.0,0.5,Fantasy Sharks
RB,Malcolm Brown,9.0,0.5,Fantasy Sharks
WR,Roger Lewis,9.0,0.5,Fantasy Sharks
RB,Troymaine Pope,9.0,0.5,Fantasy Sharks
TE,Clay Harbor,9.0,0.5,Fantasy Sharks
WR,Andre Caldwell,9.0,0.4,Fantasy Sharks
WR,Chris Moore,9.0,0.4,Fantasy Sharks
TE,MyCole Pruitt,9.0,0.4,Fantasy Sharks
QB,Landry Jones,9.0,0.4,Fantasy Sharks
TE,Brandon Williams,9.0,0.4,Fantasy Sharks
TE,Jace Amaro,9.0,0.4,Fantasy Sharks
WR,Devin Street,9.0,0.4,Fantasy Sharks
TE,David Johnson,9.0,0.4,Fantasy Sharks
WR,Brenton Bersin,9.0,0.3,Fantasy Sharks
WR,Isaiah Burse,9.0,0.3,Fantasy Sharks
WR,Leonte Carroo,9.0,0.3,Fantasy Sharks
WR,Johnny Holton,9.0,0.3,Fantasy Sharks
TE,John Phillips,9.0,0.3,Fantasy Sharks
RB,Darius Jackson,9.0,0.3,Fantasy Sharks
TE,Geoff Swaim,9.0,0.3,Fantasy Sharks
TE,Luke Stocker,9.0,0.3,Fantasy Sharks
QB,Kevin Hogan,9.0,0.3,Fantasy Sharks
WR,Laquon Treadwell,9.0,0.2,Fantasy Sharks
WR,Brandon Tate,9.0,0.2,Fantasy Sharks
TE,Chase Coffman,9.0,0.2,Fantasy Sharks
QB,Ryan Nassib,9.0,0.2,Fantasy Sharks
QB,Matt Moore,9.0,0.2,Fantasy Sharks
TE,Kellen Davis,9.0,0.2,Fantasy Sharks
TE,Trey Burton,9.0,0.1,Fantasy Sharks
RB,Anthony Sherman,9.0,0.1,Fantasy Sharks
TE,James O'Shaughnessy,9.0,0.1,Fantasy Sharks
TE,Konrad Reuland,9.0,0.1,Fantasy Sharks
QB,Zach Mettenberger,9.0,0.1,Fantasy Sharks
WR,Eric Weems,9.0,0.1,Fantasy Sharks
TE,Brandon Bostick,9.0,0.1,Fantasy Sharks
TE,Nick Vannett,9.0,0.09,Fantasy Sharks
WR,Jordan Payton,9.0,0.09,Fantasy Sharks
QB,Kellen Clemens,9.0,0.09,Fantasy Sharks
TE,Sean McGrath,9.0,0.08,Fantasy Sharks
TE,Jerell Adams,9.0,0.06,Fantasy Sharks
WR,Pharoh Cooper,9.0,0.05,Fantasy Sharks
QB,Bruce Gradkowski,9.0,0.03,Fantasy Sharks
TE,Darren Waller,9.0,0.03,Fantasy Sharks
WR,Aaron Burbridge,9.0,0.02,Fantasy Sharks
WR,Greg Little,9.0,0.02,Fantasy Sharks
RB,Jeremiah Johnson,9.0,0.01,Fantasy Sharks
TE,Garrett Graham,9.0,0.01,Fantasy Sharks
RB,Jordan Todman,9.0,0.01,Fantasy Sharks
RB,Rod Smith,9.0,0.0,Fantasy Sharks
QB,Luke McCown,9.0,0.0,Fantasy Sharks
WR,Trevor Davis,9.0,-0.0,Fantasy Sharks
WR,Kevin Norwood,9.0,-0.01,Fantasy Sharks
QB,Chase Daniel,9.0,-0.02,Fantasy Sharks
QB,Matt Flynn,9.0,-0.02,Fantasy Sharks
QB,Brett Hundley,9.0,-0.02,Fantasy Sharks
RB,George Atkinson,9.0,-0.02,Fantasy Sharks
RB,Corey Grant,9.0,-0.05,Fantasy Sharks
QB,Matt McGloin,9.0,-0.08,Fantasy Sharks
QB,Matt Schaub,9.0,-0.11,Fantasy Sharks
WR,Devin Hester,9.0,-0.18,Fantasy Sharks
WR,Chris Harper,9.0,-0.22,Fantasy Sharks
WR,Jordan Taylor,9.0,-0.22,Fantasy Sharks
K,Caleb Sturgis,9.0,9.4,Fantasy Sharks
K,Cairo Santos,9.0,9.1,Fantasy Sharks
K,Adam Vinatieri,9.0,9.1,Fantasy Sharks
K,Matt Bryant,9.0,9.0,Fantasy Sharks
K,Brandon McManus,9.0,8.8,Fantasy Sharks
K,Mason Crosby,9.0,8.7,Fantasy Sharks
K,Justin Tucker,9.0,8.7,Fantasy Sharks
K,Wil Lutz,9.0,8.4,Fantasy Sharks
K,Chris Boswell,9.0,8.2,Fantasy Sharks
K,Josh Lambo,9.0,8.2,Fantasy Sharks
K,Dan Bailey,9.0,8.1,Fantasy Sharks
K,Steven Hauschka,9.0,7.9,Fantasy Sharks
K,Sebastian Janikowski,9.0,7.7,Fantasy Sharks
K,Graham Gano,9.0,7.6,Fantasy Sharks
K,Nick Folk,9.0,6.9,Fantasy Sharks
K,Blair Walsh,9.0,6.8,Fantasy Sharks
K,Greg Zuerlein,9.0,6.7,Fantasy Sharks
K,Robbie Gould,9.0,6.6,Fantasy Sharks
K,Ryan Succop,9.0,6.6,Fantasy Sharks
K,Matt Prater,9.0,6.4,Fantasy Sharks
K,Dan Carpenter,9.0,6.4,Fantasy Sharks
K,Phil Dawson,9.0,6.1,Fantasy Sharks
K,Jason Myers,9.0,6.0,Fantasy Sharks
K,Roberto Aguayo,9.0,5.8,Fantasy Sharks
K,Cody Parkey,9.0,5.7,Fantasy Sharks
K,Andrew Franks,9.0,5.2,Fantasy Sharks
DEF,Philadelphia Eagles,9.0,11.2,Fantasy Sharks
DEF,Kansas City Chiefs,9.0,10.9,Fantasy Sharks
DEF,Carolina Panthers,9.0,8.9,Fantasy Sharks
DEF,Minnesota Vikings,9.0,8.8,Fantasy Sharks
DEF,Buffalo Bills,9.0,6.4,Fantasy Sharks
DEF,Miami Dolphins,9.0,6.3,Fantasy Sharks
DEF,Dallas Cowboys,9.0,6.3,Fantasy Sharks
DEF,Green Bay Packers,9.0,6.3,Fantasy Sharks
DEF,Detroit Lions,9.0,6.1,Fantasy Sharks
DEF,Seattle Seahawks,9.0,6.0,Fantasy Sharks
DEF,Denver Broncos,9.0,5.8,Fantasy Sharks
DEF,San Diego Chargers,9.0,5.5,Fantasy Sharks
DEF,Atlanta Falcons,9.0,5.2,Fantasy Sharks
DEF,New Orleans Saints,9.0,5.2,Fantasy Sharks
DEF,Baltimore Ravens,9.0,5.1,Fantasy Sharks
DEF,Tennessee Titans,9.0,5.0,Fantasy Sharks
DEF,New York Giants,9.0,4.3,Fantasy Sharks
DEF,St. Louis Rams,9.0,4.1,Fantasy Sharks
DEF,New York Jets,9.0,3.8,Fantasy Sharks
DEF,Tampa Bay Buccaneers,9.0,3.7,Fantasy Sharks
DEF,Pittsburgh Steelers,9.0,3.5,Fantasy Sharks
DEF,Oakland Raiders,9.0,3.3,Fantasy Sharks
DEF,Indianapolis Colts,9.0,2.7,Fantasy Sharks
DEF,Jacksonville Jaguars,9.0,1.8,Fantasy Sharks
DEF,San Francisco 49ers,9.0,-0.83,Fantasy Sharks
DEF,Cleveland Browns,9.0,-1.44,Fantasy Sharks
QB,Aaron Rodgers,9.0,22.2,Fantasy Pros
QB,Matt Ryan,9.0,20.5,Fantasy Pros
QB,Drew Brees,9.0,20.2,Fantasy Pros
QB,Philip Rivers,9.0,18.7,Fantasy Pros
QB,Dak Prescott,9.0,18.3,Fantasy Pros
QB,Andrew Luck,9.0,18.2,Fantasy Pros
QB,Cam Newton,9.0,17.7,Fantasy Pros
QB,Jameis Winston,9.0,17.2,Fantasy Pros
QB,Marcus Mariota,9.0,17.1,Fantasy Pros
QB,Colin Kaepernick,9.0,16.3,Fantasy Pros
QB,Ryan Tannehill,9.0,16.3,Fantasy Pros
QB,Ben Roethlisberger,9.0,16.2,Fantasy Pros
QB,Alex Smith,9.0,16.2,Fantasy Pros
QB,Russell Wilson,9.0,16.1,Fantasy Pros
QB,Tyrod Taylor,9.0,15.3,Fantasy Pros
QB,Sam Bradford,9.0,15.2,Fantasy Pros
QB,Matthew Stafford,9.0,15.1,Fantasy Pros
QB,Trevor Siemian,9.0,14.6,Fantasy Pros
QB,Blake Bortles,9.0,14.4,Fantasy Pros
QB,Ryan Fitzpatrick,9.0,14.4,Fantasy Pros
QB,Derek Carr,9.0,14.2,Fantasy Pros
QB,Eli Manning,9.0,14.1,Fantasy Pros
QB,Carson Wentz,9.0,13.7,Fantasy Pros
QB,Joe Flacco,9.0,13.6,Fantasy Pros
QB,Case Keenum,9.0,13.0,Fantasy Pros
QB,Josh McCown,9.0,10.5,Fantasy Pros
QB,Cody Kessler,9.0,7.4,Fantasy Pros
QB,Landry Jones,9.0,3.0,Fantasy Pros
QB,Christian Hackenberg,9.0,0.5,Fantasy Pros
QB,Tony Romo,9.0,0.4,Fantasy Pros
QB,Jared Goff,9.0,0.4,Fantasy Pros
QB,Blaine Gabbert,9.0,0.4,Fantasy Pros
QB,Shaun Hill,9.0,0.4,Fantasy Pros
QB,Paxton Lynch,9.0,0.4,Fantasy Pros
QB,Mike Glennon,9.0,0.3,Fantasy Pros
QB,Ryan Mallett,9.0,0.3,Fantasy Pros
QB,Chad Henne,9.0,0.3,Fantasy Pros
QB,Scott Tolzien,9.0,0.3,Fantasy Pros
QB,Ryan Nassib,9.0,0.3,Fantasy Pros
QB,Matt Moore,9.0,0.3,Fantasy Pros
QB,Luke McCown,9.0,0.3,Fantasy Pros
QB,Chase Daniel,9.0,0.3,Fantasy Pros
QB,Nick Foles,9.0,0.3,Fantasy Pros
QB,Matt McGloin,9.0,0.2,Fantasy Pros
QB,Matt Schaub,9.0,0.2,Fantasy Pros
QB,Dan Orlovsky,9.0,0.2,Fantasy Pros
QB,Derek Anderson,9.0,0.2,Fantasy Pros
QB,E.J. Manuel,9.0,0.1,Fantasy Pros
QB,Kellen Clemens,9.0,0.1,Fantasy Pros
QB,Trevone Boykin,9.0,0.1,Fantasy Pros
QB,Matt Cassel,9.0,0.1,Fantasy Pros
QB,Brett Hundley,9.0,0.1,Fantasy Pros
QB,Bryce Petty,9.0,0.1,Fantasy Pros
QB,Zach Mettenberger,9.0,0.0,Fantasy Pros
QB,Mark Sanchez,9.0,0.0,Fantasy Pros
QB,Connor Cook,9.0,0.0,Fantasy Pros
QB,Joe Webb,9.0,0.0,Fantasy Pros
QB,Sean Mannion,9.0,0.0,Fantasy Pros
QB,Josh Johnson,9.0,0.0,Fantasy Pros
QB,Robert Griffin,9.0,0.0,Fantasy Pros
QB,Aaron Murray,9.0,0.0,Fantasy Pros
QB,Jameill Showers,9.0,0.0,Fantasy Pros
QB,Jake Rudock,9.0,0.0,Fantasy Pros
QB,Christian Ponder,9.0,0.0,Fantasy Pros
QB,Alex Tanney,9.0,0.0,Fantasy Pros
QB,Brandon Doughty,9.0,0.0,Fantasy Pros
QB,Kellen Moore,9.0,0.0,Fantasy Pros
QB,Garrett Grayson,9.0,0.0,Fantasy Pros
QB,Stephen Morris,9.0,0.0,Fantasy Pros
QB,Joe Callahan,9.0,0.0,Fantasy Pros
QB,Logan Thomas,9.0,0.0,Fantasy Pros
QB,Joel Stave,9.0,0.0,Fantasy Pros
QB,Matt Simms,9.0,0.0,Fantasy Pros
QB,Kevin Hogan,9.0,0.0,Fantasy Pros
QB,Austin Davis,9.0,0.0,Fantasy Pros
QB,Brandon Allen,9.0,0.0,Fantasy Pros
QB,Cardale Jones,9.0,0.0,Fantasy Pros
WR,Julio Jones,9.0,14.1,Fantasy Pros
WR,Mike Evans,9.0,13.8,Fantasy Pros
WR,Antonio Brown,9.0,12.9,Fantasy Pros
WR,T.Y. Hilton,9.0,12.5,Fantasy Pros
WR,Odell Beckham Jr.,9.0,12.0,Fantasy Pros
WR,Jordy Nelson,9.0,11.8,Fantasy Pros
WR,Ty Montgomery,9.0,11.0,Fantasy Pros
WR,Dez Bryant,9.0,10.9,Fantasy Pros
WR,Demaryius Thomas,9.0,10.9,Fantasy Pros
WR,Jarvis Landry,9.0,10.7,Fantasy Pros
WR,Brandon Marshall,9.0,10.7,Fantasy Pros
WR,Kelvin Benjamin,9.0,10.1,Fantasy Pros
WR,Allen Robinson,9.0,9.9,Fantasy Pros
WR,Stefon Diggs,9.0,9.8,Fantasy Pros
WR,Emmanuel Sanders,9.0,9.8,Fantasy Pros
WR,Terrelle Pryor,9.0,9.6,Fantasy Pros
WR,Randall Cobb,9.0,9.5,Fantasy Pros
WR,Willie Snead,9.0,9.3,Fantasy Pros
WR,Davante Adams,9.0,9.3,Fantasy Pros
WR,Jordan Matthews,9.0,9.3,Fantasy Pros
WR,Amari Cooper,9.0,9.2,Fantasy Pros
WR,Tyrell Williams,9.0,9.1,Fantasy Pros
WR,Michael Crabtree,9.0,9.1,Fantasy Pros
WR,Brandin Cooks,9.0,9.1,Fantasy Pros
WR,Michael Thomas,9.0,9.0,Fantasy Pros
WR,Donte Moncrief,9.0,9.0,Fantasy Pros
WR,Devante Parker,9.0,8.9,Fantasy Pros
WR,Jeremy Maclin,9.0,8.9,Fantasy Pros
WR,Doug Baldwin,9.0,8.7,Fantasy Pros
WR,Travis Benjamin,9.0,8.6,Fantasy Pros
WR,Tavon Austin,9.0,8.5,Fantasy Pros
WR,Mike Wallace,9.0,8.4,Fantasy Pros
WR,Golden Tate,9.0,8.3,Fantasy Pros
WR,Kenny Britt,9.0,8.2,Fantasy Pros
WR,Quincy Enunwa,9.0,7.7,Fantasy Pros
WR,Mohamed Sanu,9.0,7.6,Fantasy Pros
WR,Marvin Jones,9.0,7.5,Fantasy Pros
WR,Jeremy Kerley,9.0,7.1,Fantasy Pros
WR,Steve Smith,9.0,6.9,Fantasy Pros
WR,Allen Hurns,9.0,6.6,Fantasy Pros
WR,Corey Coleman,9.0,6.4,Fantasy Pros
WR,Cole Beasley,9.0,6.3,Fantasy Pros
WR,Victor Cruz,9.0,6.1,Fantasy Pros
WR,Kendall Wright,9.0,6.0,Fantasy Pros
WR,Sammie Coates,9.0,5.9,Fantasy Pros
WR,Robert Woods,9.0,5.8,Fantasy Pros
WR,Sterling Shepard,9.0,5.7,Fantasy Pros
WR,Terrance Williams,9.0,5.6,Fantasy Pros
WR,Brian Quick,9.0,5.6,Fantasy Pros
WR,Torrey Smith,9.0,5.6,Fantasy Pros
WR,Rishard Matthews,9.0,5.6,Fantasy Pros
WR,Kenny Stills,9.0,5.5,Fantasy Pros
WR,Adam Humphries,9.0,5.3,Fantasy Pros
WR,Anquan Boldin,9.0,5.2,Fantasy Pros
WR,Marqise Lee,9.0,5.1,Fantasy Pros
WR,Adam Thielen,9.0,5.0,Fantasy Pros
WR,Marquise Goodwin,9.0,4.9,Fantasy Pros
WR,Dorial Green-Beckham,9.0,4.8,Fantasy Pros
WR,Tyreek Hill,9.0,4.7,Fantasy Pros
WR,Cordarrelle Patterson,9.0,4.7,Fantasy Pros
WR,Jermaine Kearse,9.0,4.6,Fantasy Pros
WR,Phillip Dorsett,9.0,4.4,Fantasy Pros
WR,Dontrelle Inman,9.0,4.3,Fantasy Pros
WR,Tyler Lockett,9.0,4.2,Fantasy Pros
WR,Seth Roberts,9.0,4.1,Fantasy Pros
WR,Nelson Agholor,9.0,4.1,Fantasy Pros
WR,Tajae Sharpe,9.0,4.1,Fantasy Pros
WR,Chris Conley,9.0,4.0,Fantasy Pros
WR,Robby Anderson,9.0,4.0,Fantasy Pros
WR,Ted Ginn,9.0,4.0,Fantasy Pros
WR,Andrew Hawkins,9.0,3.8,Fantasy Pros
WR,Justin Hunter,9.0,3.8,Fantasy Pros
WR,Devin Funchess,9.0,3.8,Fantasy Pros
WR,Breshad Perriman,9.0,3.6,Fantasy Pros
WR,Russell Shepard,9.0,3.6,Fantasy Pros
WR,Quinton Patton,9.0,3.6,Fantasy Pros
WR,Eli Rogers,9.0,3.2,Fantasy Pros
WR,Philly Brown,9.0,2.9,Fantasy Pros
WR,Markus Wheaton,9.0,2.7,Fantasy Pros
WR,Ricardo Louis,9.0,2.6,Fantasy Pros
WR,Justin Hardy,9.0,2.6,Fantasy Pros
WR,Taylor Gabriel,9.0,2.5,Fantasy Pros
WR,Kamar Aiken,9.0,2.3,Fantasy Pros
WR,Cecil Shorts,9.0,2.1,Fantasy Pros
WR,Charone Peake,9.0,2.0,Fantasy Pros
WR,Brice Butler,9.0,2.0,Fantasy Pros
WR,Bennie Fowler,9.0,1.9,Fantasy Pros
WR,Jordan Norwood,9.0,1.9,Fantasy Pros
WR,Andre Holmes,9.0,1.8,Fantasy Pros
WR,Walter Powell,9.0,1.7,Fantasy Pros
WR,Tanner McEvoy,9.0,1.7,Fantasy Pros
WR,Paul Richardson,9.0,1.7,Fantasy Pros
WR,Charles Johnson,9.0,1.6,Fantasy Pros
WR,Aldrick Robinson,9.0,1.6,Fantasy Pros
WR,Brandon Coleman,9.0,1.6,Fantasy Pros
WR,Josh Huff,9.0,1.6,Fantasy Pros
WR,Jeff Janis,9.0,1.5,Fantasy Pros
WR,Percy Harvin,9.0,1.5,Fantasy Pros
WR,Albert Wilson,9.0,1.4,Fantasy Pros
WR,Darrius Heyward-Bey,9.0,1.4,Fantasy Pros
WR,Brandon Tate,9.0,1.3,Fantasy Pros
WR,Cobi Hamilton,9.0,1.1,Fantasy Pros
WR,Rod Streater,9.0,1.1,Fantasy Pros
WR,Chester Rogers,9.0,1.0,Fantasy Pros
WR,Andre Roberts,9.0,0.9,Fantasy Pros
WR,Arrelious Benn,9.0,0.9,Fantasy Pros
WR,Jarius Wright,9.0,0.8,Fantasy Pros
WR,Griff Whalen,9.0,0.8,Fantasy Pros
WR,Geronimo Allison,9.0,0.8,Fantasy Pros
WR,Aaron Burbridge,9.0,0.8,Fantasy Pros
WR,Devin Smith,9.0,0.8,Fantasy Pros
WR,Harry Douglas,9.0,0.8,Fantasy Pros
WR,Jordan Taylor,9.0,0.7,Fantasy Pros
WR,Cody Latimer,9.0,0.7,Fantasy Pros
WR,Jalin Marshall,9.0,0.7,Fantasy Pros
WR,Louis Murphy,9.0,0.7,Fantasy Pros
WR,Rashard Higgins,9.0,0.7,Fantasy Pros
WR,Chris Moore,9.0,0.7,Fantasy Pros
WR,Rashad Greene,9.0,0.6,Fantasy Pros
WR,Trevor Davis,9.0,0.6,Fantasy Pros
WR,Roger Lewis,9.0,0.6,Fantasy Pros
WR,Lucky Whitehead,9.0,0.6,Fantasy Pros
WR,Corey Fuller,9.0,0.6,Fantasy Pros
WR,Tommylee Lewis,9.0,0.6,Fantasy Pros
WR,Laquon Treadwell,9.0,0.6,Fantasy Pros
WR,De'Anthony Thomas,9.0,0.6,Fantasy Pros
WR,Keshawn Martin,9.0,0.5,Fantasy Pros
WR,Jake Lampman,9.0,0.5,Fantasy Pros
WR,Chris Matthews,9.0,0.5,Fantasy Pros
WR,Kaelin Clay,9.0,0.5,Fantasy Pros
WR,Devin Street,9.0,0.5,Fantasy Pros
WR,Bryan Walters,9.0,0.5,Fantasy Pros
WR,Demarcus Robinson,9.0,0.4,Fantasy Pros
WR,Mike Thomas,9.0,0.4,Fantasy Pros
WR,Neal Sterling,9.0,0.4,Fantasy Pros
WR,Brenton Bersin,9.0,0.4,Fantasy Pros
WR,Bradley Marquez,9.0,0.4,Fantasy Pros
WR,Chris Harper,9.0,0.3,Fantasy Pros
WR,Jakeem Grant,9.0,0.3,Fantasy Pros
WR,Jeremy Butler,9.0,0.3,Fantasy Pros
WR,Darren Waller,9.0,0.3,Fantasy Pros
WR,Jordan Payton,9.0,0.3,Fantasy Pros
WR,Eric Weems,9.0,0.3,Fantasy Pros
WR,Leonte Carroo,9.0,0.2,Fantasy Pros
WR,Seth DeValve,9.0,0.2,Fantasy Pros
WR,Johnny Holton,9.0,0.2,Fantasy Pros
WR,Dwayne Harris,9.0,0.2,Fantasy Pros
WR,Pharoh Cooper,9.0,0.2,Fantasy Pros
WR,Tevaun Smith,9.0,0.2,Fantasy Pros
WR,Marc Mariani,9.0,0.2,Fantasy Pros
WR,Frankie Hammond,9.0,0.1,Fantasy Pros
WR,Devin Hester,9.0,0.1,Fantasy Pros
WR,Bryce Treggs,9.0,0.0,Fantasy Pros
WR,K.J. Brent,9.0,0.0,Fantasy Pros
WR,Kalif Raymond,9.0,0.0,Fantasy Pros
WR,Marcus Lucas,9.0,0.0,Fantasy Pros
WR,Mitch Mathews,9.0,0.0,Fantasy Pros
WR,Shane Wynn,9.0,0.0,Fantasy Pros
WR,Dom Williams,9.0,0.0,Fantasy Pros
WR,Rashad Lawrence,9.0,0.0,Fantasy Pros
WR,Chris Givens,9.0,0.0,Fantasy Pros
WR,Demarcus Ayers,9.0,0.0,Fantasy Pros
WR,J.D. McKissic,9.0,0.0,Fantasy Pros
WR,Geremy Davis,9.0,0.0,Fantasy Pros
WR,Nelson Spruce,9.0,0.0,Fantasy Pros
WR,Jace Billingsley,9.0,0.0,Fantasy Pros
WR,Devon Cajuste,9.0,0.0,Fantasy Pros
WR,Paul Turner,9.0,0.0,Fantasy Pros
WR,Ed Eagan,9.0,0.0,Fantasy Pros
WR,TJ Jones,9.0,0.0,Fantasy Pros
WR,David Watford,9.0,0.0,Fantasy Pros
WR,Jonathan Krause,9.0,0.0,Fantasy Pros
WR,Byron Marshall,9.0,0.0,Fantasy Pros
WR,Nick Williams,9.0,0.0,Fantasy Pros
WR,Mose Frazier,9.0,0.0,Fantasy Pros
WR,Freddie Martino,9.0,0.0,Fantasy Pros
WR,Corey Washington,9.0,0.0,Fantasy Pros
WR,Rashawn Scott,9.0,0.0,Fantasy Pros
WR,Herb Waters,9.0,0.0,Fantasy Pros
WR,Sammy Watkins,9.0,0.0,Fantasy Pros
WR,Paul McRoberts,9.0,0.0,Fantasy Pros
WR,Darius Powe,9.0,0.0,Fantasy Pros
WR,Kenny Bell,9.0,0.0,Fantasy Pros
WR,Tavarres King,9.0,0.0,Fantasy Pros
WR,Moritz Boehringer,9.0,0.0,Fantasy Pros
WR,Andy Jones,9.0,0.0,Fantasy Pros
WR,Kenny Lawler,9.0,0.0,Fantasy Pros
WR,Vince Mayle,9.0,0.0,Fantasy Pros
WR,Jaydon Mickens,9.0,0.0,Fantasy Pros
WR,Keyarris Garrett,9.0,0.0,Fantasy Pros
WR,C.J. Goodwin,9.0,0.0,Fantasy Pros
RB,Ezekiel Elliott,9.0,18.0,Fantasy Pros
RB,Le'Veon Bell,9.0,15.8,Fantasy Pros
RB,DeMarco Murray,9.0,14.7,Fantasy Pros
RB,Melvin Gordon,9.0,14.6,Fantasy Pros
RB,Devonta Freeman,9.0,14.4,Fantasy Pros
RB,Devontae Booker,9.0,13.7,Fantasy Pros
RB,Matt Forte,9.0,13.6,Fantasy Pros
RB,Spencer Ware,9.0,12.6,Fantasy Pros
RB,Todd Gurley,9.0,12.5,Fantasy Pros
RB,Christine Michael,9.0,12.3,Fantasy Pros
RB,Carlos Hyde,9.0,12.2,Fantasy Pros
RB,Mark Ingram,9.0,11.3,Fantasy Pros
RB,Jay Ajayi,9.0,10.8,Fantasy Pros
RB,Jonathan Stewart,9.0,10.8,Fantasy Pros
RB,Frank Gore,9.0,10.7,Fantasy Pros
RB,Theo Riddick,9.0,10.1,Fantasy Pros
RB,Isaiah Crowell,9.0,9.7,Fantasy Pros
RB,LeSean McCoy,9.0,9.7,Fantasy Pros
RB,Terrance West,9.0,9.4,Fantasy Pros
RB,Latavius Murray,9.0,9.4,Fantasy Pros
RB,Jacquizz Rodgers,9.0,9.3,Fantasy Pros
RB,Darren Sproles,9.0,9.2,Fantasy Pros
RB,Ty Montgomery,9.0,9.2,Fantasy Pros
RB,Matt Asiata,9.0,8.8,Fantasy Pros
RB,Jerick McKinnon,9.0,8.2,Fantasy Pros
RB,Charcandrick West,9.0,8.1,Fantasy Pros
RB,Rashad Jennings,9.0,7.8,Fantasy Pros
RB,Duke Johnson,9.0,7.7,Fantasy Pros
RB,Antone Smith,9.0,6.2,Fantasy Pros
RB,Ryan Mathews,9.0,6.1,Fantasy Pros
RB,Bilal Powell,9.0,5.9,Fantasy Pros
RB,T.J. Yeldon,9.0,5.9,Fantasy Pros
RB,Tim Hightower,9.0,5.7,Fantasy Pros
RB,Mike Gillislee,9.0,4.9,Fantasy Pros
RB,Chris Ivory,9.0,4.7,Fantasy Pros
RB,Derrick Henry,9.0,4.5,Fantasy Pros
RB,Peyton Barber,9.0,4.3,Fantasy Pros
RB,C.J. Prosise,9.0,4.1,Fantasy Pros
RB,Bobby Rainey,9.0,3.9,Fantasy Pros
RB,Don Jackson,9.0,3.7,Fantasy Pros
RB,Terron Ward,9.0,3.7,Fantasy Pros
RB,Alfred Morris,9.0,3.6,Fantasy Pros
RB,DeAndre Washington,9.0,3.5,Fantasy Pros
RB,Damien Williams,9.0,3.2,Fantasy Pros
RB,Jalen Richard,9.0,3.2,Fantasy Pros
RB,DeAngelo Williams,9.0,3.2,Fantasy Pros
RB,Paul Perkins,9.0,3.1,Fantasy Pros
RB,Kenneth Dixon,9.0,3.1,Fantasy Pros
RB,Zach Zenner,9.0,3.0,Fantasy Pros
RB,Kapri Bibbs,9.0,2.9,Fantasy Pros
RB,Fozzy Whittaker,9.0,2.8,Fantasy Pros
RB,Robert Turbin,9.0,2.8,Fantasy Pros
RB,Mike Davis,9.0,2.8,Fantasy Pros
RB,Mike James,9.0,2.7,Fantasy Pros
RB,Travaris Cadet,9.0,2.7,Fantasy Pros
RB,Benny Cunningham,9.0,2.6,Fantasy Pros
RB,Shaun Draughn,9.0,2.5,Fantasy Pros
RB,Dwayne Washington,9.0,2.3,Fantasy Pros
RB,Lance Dunbar,9.0,2.1,Fantasy Pros
RB,John Kuhn,9.0,2.0,Fantasy Pros
RB,Wendell Smallwood,9.0,1.9,Fantasy Pros
RB,Dexter McCluster,9.0,1.9,Fantasy Pros
RB,Mike Tolbert,9.0,1.8,Fantasy Pros
RB,Kenneth Farrow,9.0,1.7,Fantasy Pros
RB,Aaron Ripkowski,9.0,1.7,Fantasy Pros
RB,DuJuan Harris,9.0,1.7,Fantasy Pros
RB,Kyle Juszczyk,9.0,1.6,Fantasy Pros
RB,Lorenzo Taliaferro,9.0,1.5,Fantasy Pros
RB,Jamize Olawale,9.0,1.5,Fantasy Pros
RB,Kenyan Drake,9.0,1.4,Fantasy Pros
RB,Juwan Thompson,9.0,1.3,Fantasy Pros
RB,Orleans Darkwa,9.0,1.2,Fantasy Pros
RB,Daniel Lasco,9.0,1.1,Fantasy Pros
RB,Cameron Artis-Payne,9.0,1.1,Fantasy Pros
RB,Andy Janovich,9.0,1.0,Fantasy Pros
RB,Javorius Allen,9.0,1.0,Fantasy Pros
RB,Kenjon Barner,9.0,1.0,Fantasy Pros
RB,Josh Ferguson,9.0,0.9,Fantasy Pros
RB,Justin Forsett,9.0,0.9,Fantasy Pros
RB,Reggie Bush,9.0,0.9,Fantasy Pros
RB,Denard Robinson,9.0,0.8,Fantasy Pros
RB,Ronnie Hillman,9.0,0.7,Fantasy Pros
RB,Jonathan Williams,9.0,0.6,Fantasy Pros
RB,Alex Collins,9.0,0.6,Fantasy Pros
RB,Derek Watt,9.0,0.6,Fantasy Pros
RB,Patrick DiMarco,9.0,0.5,Fantasy Pros
RB,Will Johnson,9.0,0.5,Fantasy Pros
RB,Antonio Andrews,9.0,0.5,Fantasy Pros
RB,Zach Line,9.0,0.4,Fantasy Pros
RB,Keith Smith,9.0,0.4,Fantasy Pros
RB,Darius Jackson,9.0,0.4,Fantasy Pros
RB,Jalston Fowler,9.0,0.3,Fantasy Pros
RB,George Atkinson,9.0,0.3,Fantasy Pros
RB,Fitzgerald Toussaint,9.0,0.3,Fantasy Pros
RB,Anthony Sherman,9.0,0.3,Fantasy Pros
RB,Malcolm Brown,9.0,0.3,Fantasy Pros
RB,Chase Reynolds,9.0,0.3,Fantasy Pros
RB,Jerome Felton,9.0,0.3,Fantasy Pros
RB,Bishop Sankey,9.0,0.2,Fantasy Pros
RB,Roosevelt Nix,9.0,0.2,Fantasy Pros
RB,Michael Burton,9.0,0.2,Fantasy Pros
RB,Marcus Murphy,9.0,0.2,Fantasy Pros
RB,Corey Grant,9.0,0.2,Fantasy Pros
RB,Stevan Ridley,9.0,0.2,Fantasy Pros
RB,Jordan Todman,9.0,0.2,Fantasy Pros
RB,Taiwan Jones,9.0,0.1,Fantasy Pros
RB,Rod Smith,9.0,0.1,Fantasy Pros
RB,Adrian Peterson,9.0,0.0,Fantasy Pros
RB,Jalen Simmons,9.0,0.0,Fantasy Pros
RB,Dri Archer,9.0,0.0,Fantasy Pros
RB,James Starks,9.0,0.0,Fantasy Pros
RB,Brandon Wilds,9.0,0.0,Fantasy Pros
RB,Dan Vitale,9.0,0.0,Fantasy Pros
RB,Jhurell Pressley,9.0,0.0,Fantasy Pros
RB,C.J. Spiller,9.0,0.0,Fantasy Pros
RB,Daryl Richardson,9.0,0.0,Fantasy Pros
RB,CJ Ham,9.0,0.0,Fantasy Pros
RB,Andre Williams,9.0,0.0,Fantasy Pros
RB,Aaron Green,9.0,0.0,Fantasy Pros
RB,Glenn Winston,9.0,0.0,Fantasy Pros
RB,Karlos Williams,9.0,0.0,Fantasy Pros
RB,Russell Hansbrough,9.0,0.0,Fantasy Pros
RB,Darren McFadden,9.0,0.0,Fantasy Pros
TE,Greg Olsen,9.0,9.5,Fantasy Pros
TE,Delanie Walker,9.0,8.8,Fantasy Pros
TE,Jimmy Graham,9.0,8.4,Fantasy Pros
TE,Travis Kelce,9.0,8.3,Fantasy Pros
TE,Kyle Rudolph,9.0,7.8,Fantasy Pros
TE,Antonio Gates,9.0,7.6,Fantasy Pros
TE,Cameron Brate,9.0,7.1,Fantasy Pros
TE,Dennis Pitta,9.0,6.7,Fantasy Pros
TE,Eric Ebron,9.0,6.7,Fantasy Pros
TE,Coby Fleener,9.0,6.4,Fantasy Pros
TE,Gary Barnidge,9.0,6.1,Fantasy Pros
TE,Jack Doyle,9.0,5.9,Fantasy Pros
TE,Julius Thomas,9.0,5.7,Fantasy Pros
TE,Jason Witten,9.0,5.2,Fantasy Pros
TE,Hunter Henry,9.0,5.1,Fantasy Pros
TE,Austin Hooper,9.0,5.0,Fantasy Pros
TE,Lance Kendricks,9.0,4.4,Fantasy Pros
TE,Zach Ertz,9.0,4.3,Fantasy Pros
TE,Charles Clay,9.0,4.3,Fantasy Pros
TE,Virgil Green,9.0,3.9,Fantasy Pros
TE,Vance McDonald,9.0,3.3,Fantasy Pros
TE,Jesse James,9.0,3.2,Fantasy Pros
TE,Richard Rodgers,9.0,3.2,Fantasy Pros
TE,Ladarius Green,9.0,3.1,Fantasy Pros
TE,Dwayne Allen,9.0,3.0,Fantasy Pros
TE,Clive Walford,9.0,2.9,Fantasy Pros
TE,Larry Donnell,9.0,2.7,Fantasy Pros
TE,Will Tye,9.0,2.6,Fantasy Pros
TE,Jared Cook,9.0,2.6,Fantasy Pros
TE,Dion Sims,9.0,2.5,Fantasy Pros
TE,Garrett Celek,9.0,2.5,Fantasy Pros
TE,Crockett Gillmore,9.0,2.1,Fantasy Pros
TE,Erik Swoope,9.0,2.1,Fantasy Pros
TE,Austin Seferian-Jenkins,9.0,2.1,Fantasy Pros
TE,Marcedes Lewis,9.0,2.0,Fantasy Pros
TE,Josh Hill,9.0,2.0,Fantasy Pros
TE,Mychal Rivera,9.0,1.9,Fantasy Pros
TE,Levine Toilolo,9.0,1.9,Fantasy Pros
TE,Trey Burton,9.0,1.9,Fantasy Pros
TE,Jordan Cameron,9.0,1.9,Fantasy Pros
TE,MarQueis Gray,9.0,1.8,Fantasy Pros
TE,Demetrius Harris,9.0,1.6,Fantasy Pros
TE,Ed Dickson,9.0,1.5,Fantasy Pros
TE,Anthony Fasano,9.0,1.4,Fantasy Pros
TE,Dominique Jones,9.0,1.3,Fantasy Pros
TE,Brandon Myers,9.0,1.3,Fantasy Pros
TE,Brent Celek,9.0,1.1,Fantasy Pros
TE,Nick O'Leary,9.0,1.1,Fantasy Pros
TE,Jace Amaro,9.0,1.0,Fantasy Pros
TE,Xavier Grimble,9.0,1.0,Fantasy Pros
TE,John Phillips,9.0,0.9,Fantasy Pros
TE,Geoff Swaim,9.0,0.9,Fantasy Pros
TE,Jeff Heuerman,9.0,0.9,Fantasy Pros
TE,Gavin Escobar,9.0,0.7,Fantasy Pros
TE,James Hanna,9.0,0.6,Fantasy Pros
TE,Phillip Supernaw,9.0,0.6,Fantasy Pros
TE,Luke Willson,9.0,0.6,Fantasy Pros
TE,Brandon Williams,9.0,0.6,Fantasy Pros
TE,Tyler Higbee,9.0,0.6,Fantasy Pros
TE,Nick Vannett,9.0,0.6,Fantasy Pros
TE,Luke Stocker,9.0,0.5,Fantasy Pros
TE,Justin Perillo,9.0,0.5,Fantasy Pros
TE,Randall Telfer,9.0,0.5,Fantasy Pros
TE,Clay Harbor,9.0,0.5,Fantasy Pros
TE,Rhett Ellison,9.0,0.4,Fantasy Pros
TE,MyCole Pruitt,9.0,0.4,Fantasy Pros
TE,Brandon Bostick,9.0,0.4,Fantasy Pros
TE,Sean McGrath,9.0,0.4,Fantasy Pros
TE,Scott Simonson,9.0,0.4,Fantasy Pros
TE,David Johnson,9.0,0.4,Fantasy Pros
TE,Connor Hamlett,9.0,0.4,Fantasy Pros
TE,Blake Bell,9.0,0.4,Fantasy Pros
TE,James O'Shaughnessy,9.0,0.4,Fantasy Pros
TE,David Morgan,9.0,0.3,Fantasy Pros
TE,Jerell Adams,9.0,0.3,Fantasy Pros
TE,Ben Koyack,9.0,0.3,Fantasy Pros
TE,Je'Ron Hamm,9.0,0.3,Fantasy Pros
TE,Asante Cleveland,9.0,0.3,Fantasy Pros
TE,Cory Harkey,9.0,0.2,Fantasy Pros
TE,Temarrick Hemingway,9.0,0.2,Fantasy Pros
TE,Seth DeValve,9.0,0.2,Fantasy Pros
TE,Khari Lee,9.0,0.1,Fantasy Pros
TE,A.J. Derby,9.0,0.1,Fantasy Pros
TE,Ross Travis,9.0,0.1,Fantasy Pros
TE,Alan Cross,9.0,0.1,Fantasy Pros
TE,Kellen Davis,9.0,0.0,Fantasy Pros
TE,Joshua Perkins,9.0,0.0,Fantasy Pros
TE,Ryan O'Malley,9.0,0.0,Fantasy Pros
TE,Garrett Griffin,9.0,0.0,Fantasy Pros
TE,Thomas Duarte,9.0,0.0,Fantasy Pros
TE,Chris Manhertz,9.0,0.0,Fantasy Pros
TE,Rico Gathers,9.0,0.0,Fantasy Pros
TE,Alex Ellis,9.0,0.0,Fantasy Pros
TE,Jake McGee,9.0,0.0,Fantasy Pros
TE,Brandon Pettigrew,9.0,0.0,Fantasy Pros
TE,Matthew Mulligan,9.0,0.0,Fantasy Pros
TE,Jerome Cunningham,9.0,0.0,Fantasy Pros
TE,Manasseh Garner,9.0,0.0,Fantasy Pros
TE,Gerald Christian,9.0,0.0,Fantasy Pros
TE,Cole Wick,9.0,0.0,Fantasy Pros
TE,Beau Sandland,9.0,0.0,Fantasy Pros
K,Mason Crosby,9.0,9.2,Fantasy Pros
K,Justin Tucker,9.0,8.6,Fantasy Pros
K,Dan Bailey,9.0,8.4,Fantasy Pros
K,Cairo Santos,9.0,8.3,Fantasy Pros
K,Caleb Sturgis,9.0,8.1,Fantasy Pros
K,Matt Bryant,9.0,7.8,Fantasy Pros
K,Brandon McManus,9.0,7.8,Fantasy Pros
K,Josh Lambo,9.0,7.7,Fantasy Pros
K,Stephen Hauschka,9.0,7.7,Fantasy Pros
K,Chris Boswell,9.0,7.4,Fantasy Pros
K,Blair Walsh,9.0,7.4,Fantasy Pros
K,Adam Vinatieri,9.0,7.1,Fantasy Pros
K,Will Lutz,9.0,7.1,Fantasy Pros
K,Robbie Gould,9.0,7.1,Fantasy Pros
K,Nick Folk,9.0,7.0,Fantasy Pros
K,Graham Gano,9.0,6.8,Fantasy Pros
K,Cody Parkey,9.0,6.8,Fantasy Pros
K,Roberto Aguayo,9.0,6.8,Fantasy Pros
K,Ryan Succop,9.0,6.6,Fantasy Pros
K,Andrew Franks,9.0,6.5,Fantasy Pros
K,Sebastian Janikowski,9.0,6.5,Fantasy Pros
K,Phil Dawson,9.0,6.4,Fantasy Pros
K,Jason Myers,9.0,6.2,Fantasy Pros
K,Greg Zuerlein,9.0,6.1,Fantasy Pros
K,Dan Carpenter,9.0,5.9,Fantasy Pros
K,Matt Prater,9.0,5.5,Fantasy Pros
DEF,Kansas City Chiefs,9.0,10.3,Fantasy Pros
DEF,Carolina Panthers,9.0,8.9,Fantasy Pros
DEF,Los Angeles Rams,9.0,8.5,Fantasy Pros
DEF,Philadelphia Eagles,9.0,8.2,Fantasy Pros
DEF,Minnesota Vikings,9.0,8.1,Fantasy Pros
DEF,Denver Broncos,9.0,8.0,Fantasy Pros
DEF,Tennessee Titans,9.0,8.0,Fantasy Pros
DEF,Green Bay Packers,9.0,7.9,Fantasy Pros
DEF,Dallas Cowboys,9.0,7.2,Fantasy Pros
DEF,Buffalo Bills,9.0,7.0,Fantasy Pros
DEF,San Diego Chargers,9.0,7.0,Fantasy Pros
DEF,Pittsburgh Steelers,9.0,6.9,Fantasy Pros
DEF,Tampa Bay Buccaneers,9.0,6.8,Fantasy Pros
DEF,Indianapolis Colts,9.0,6.8,Fantasy Pros
DEF,New York Jets,9.0,6.8,Fantasy Pros
DEF,Atlanta Falcons,9.0,6.8,Fantasy Pros
DEF,Seattle Seahawks,9.0,6.8,Fantasy Pros
DEF,Baltimore Ravens,9.0,6.7,Fantasy Pros
DEF,Oakland Raiders,9.0,6.6,Fantasy Pros
DEF,Jacksonville Jaguars,9.0,6.6,Fantasy Pros
DEF,New Orleans Saints,9.0,6.5,Fantasy Pros
DEF,Detroit Lions,9.0,6.3,Fantasy Pros
DEF,New York Giants,9.0,6.2,Fantasy Pros
DEF,San Francisco 49ers,9.0,6.1,Fantasy Pros
DEF,Miami Dolphins,9.0,6.1,Fantasy Pros
DEF,Cleveland Browns,9.0,5.0,Fantasy Pros
QB,Aaron Rodgers,9.0,21.9,ESPN
QB,Drew Brees,9.0,18.8,ESPN
QB,Andrew Luck,9.0,18.3,ESPN
QB,Matt Ryan,9.0,18.1,ESPN
QB,Jameis Winston,9.0,17.1,ESPN
QB,Cam Newton,9.0,16.3,ESPN
QB,Colin Kaepernick,9.0,16.2,ESPN
QB,Dak Prescott,9.0,16.1,ESPN
QB,Marcus Mariota,9.0,15.6,ESPN
QB,Trevor Siemian,9.0,15.3,ESPN
QB,Philip Rivers,9.0,15.1,ESPN
QB,Russell Wilson,9.0,15.1,ESPN
QB,Ben Roethlisberger,9.0,14.6,ESPN
QB,Ryan Tannehill,9.0,14.5,ESPN
QB,Joe Flacco,9.0,14.5,ESPN
QB,Matthew Stafford,9.0,14.3,ESPN
QB,Ryan Fitzpatrick,9.0,14.2,ESPN
QB,Eli Manning,9.0,13.5,ESPN
QB,Alex Smith,9.0,13.4,ESPN
QB,Blake Bortles,9.0,13.4,ESPN
QB,Josh McCown,9.0,13.3,ESPN
QB,Derek Carr,9.0,13.1,ESPN
QB,Sam Bradford,9.0,12.6,ESPN
QB,Carson Wentz,9.0,12.5,ESPN
QB,Tyrod Taylor,9.0,11.8,ESPN
QB,Case Keenum,9.0,11.6,ESPN
QB,Brett Hundley,9.0,0.0,ESPN
QB,Luke McCown,9.0,0.0,ESPN
QB,Mike Glennon,9.0,0.0,ESPN
QB,Matt Cassel,9.0,0.0,ESPN
QB,Scott Tolzien,9.0,0.0,ESPN
QB,Matt Schaub,9.0,0.0,ESPN
QB,Kellen Clemens,9.0,0.0,ESPN
QB,Blaine Gabbert,9.0,0.0,ESPN
QB,Landry Jones,9.0,0.0,ESPN
QB,Paxton Lynch,9.0,0.0,ESPN
QB,Bryce Petty,9.0,0.0,ESPN
QB,Mark Sanchez,9.0,0.0,ESPN
QB,Trevone Boykin,9.0,0.0,ESPN
QB,Matt Moore,9.0,0.0,ESPN
RB,Ezekiel Elliott,9.0,18.1,ESPN
RB,Carlos Hyde,9.0,14.8,ESPN
RB,Le'Veon Bell,9.0,14.5,ESPN
RB,Devontae Booker,9.0,14.5,ESPN
RB,Spencer Ware,9.0,14.4,ESPN
RB,Devonta Freeman,9.0,13.8,ESPN
RB,Matt Forte,9.0,13.6,ESPN
RB,Melvin Gordon,9.0,13.1,ESPN
RB,DeMarco Murray,9.0,13.0,ESPN
RB,Todd Gurley,9.0,12.9,ESPN
RB,Christine Michael,9.0,11.5,ESPN
RB,Mark Ingram,9.0,11.2,ESPN
RB,Jay Ajayi,9.0,10.8,ESPN
RB,LeSean McCoy,9.0,10.7,ESPN
RB,Isaiah Crowell,9.0,10.0,ESPN
RB,Frank Gore,9.0,9.9,ESPN
RB,Terrance West,9.0,9.6,ESPN
RB,Jonathan Stewart,9.0,9.1,ESPN
RB,Theo Riddick,9.0,9.1,ESPN
RB,Jerick McKinnon,9.0,8.7,ESPN
WR,Ty Montgomery,9.0,8.2,ESPN
RB,Antone Smith,9.0,8.0,ESPN
RB,Rashad Jennings,9.0,7.9,ESPN
RB,Latavius Murray,9.0,7.6,ESPN
RB,Matt Asiata,9.0,7.5,ESPN
RB,Charcandrick West,9.0,6.5,ESPN
RB,Duke Johnson Jr.,9.0,6.5,ESPN
RB,Terron Ward,9.0,6.2,ESPN
RB,Ryan Mathews,9.0,5.9,ESPN
RB,Darren Sproles,9.0,5.9,ESPN
RB,Peyton Barber,9.0,5.5,ESPN
RB,Tim Hightower,9.0,5.1,ESPN
RB,Bilal Powell,9.0,5.1,ESPN
RB,T.J. Yeldon,9.0,5.0,ESPN
RB,Bobby Rainey,9.0,5.0,ESPN
RB,C.J. Prosise,9.0,4.2,ESPN
RB,Chris Ivory,9.0,4.0,ESPN
RB,Damien Williams,9.0,4.0,ESPN
RB,Mike Davis,9.0,3.4,ESPN
RB,Derrick Henry,9.0,3.1,ESPN
WR,Mike Evans,9.0,14.8,ESPN
WR,T.Y. Hilton,9.0,12.9,ESPN
WR,Julio Jones,9.0,12.9,ESPN
WR,Jordy Nelson,9.0,12.8,ESPN
WR,Antonio Brown,9.0,12.2,ESPN
WR,Odell Beckham Jr.,9.0,11.3,ESPN
WR,Randall Cobb,9.0,10.8,ESPN
WR,Emmanuel Sanders,9.0,10.5,ESPN
WR,Jarvis Landry,9.0,10.2,ESPN
WR,Demaryius Thomas,9.0,9.6,ESPN
WR,Dez Bryant,9.0,9.5,ESPN
WR,Allen Robinson,9.0,9.3,ESPN
WR,Brandon Marshall,9.0,9.3,ESPN
WR,Terrelle Pryor Sr.,9.0,9.2,ESPN
WR,Brandin Cooks,9.0,8.9,ESPN
WR,Donte Moncrief,9.0,8.5,ESPN
WR,Amari Cooper,9.0,8.3,ESPN
WR,Ty Montgomery,9.0,8.2,ESPN
WR,Davante Adams,9.0,8.1,ESPN
WR,Willie Snead,9.0,8.1,ESPN
WR,Marvin Jones,9.0,7.8,ESPN
WR,Quincy Enunwa,9.0,7.8,ESPN
WR,Doug Baldwin,9.0,7.8,ESPN
WR,Stefon Diggs,9.0,7.7,ESPN
WR,Michael Crabtree,9.0,7.6,ESPN
WR,Golden Tate,9.0,7.6,ESPN
WR,Kelvin Benjamin,9.0,7.5,ESPN
WR,Mohamed Sanu,9.0,7.5,ESPN
WR,Steve Smith Sr.,9.0,7.5,ESPN
WR,Tyrell Williams,9.0,7.1,ESPN
WR,Jordan Matthews,9.0,7.0,ESPN
WR,Michael Thomas,9.0,6.8,ESPN
WR,DeVante Parker,9.0,6.8,ESPN
WR,Mike Wallace,9.0,6.8,ESPN
WR,Jeremy Maclin,9.0,6.8,ESPN
WR,Kenny Britt,9.0,6.7,ESPN
WR,Allen Hurns,9.0,6.5,ESPN
WR,Kenny Stills,9.0,6.4,ESPN
WR,Sammie Coates,9.0,5.8,ESPN
WR,Dorial Green-Beckham,9.0,5.8,ESPN
TE,Greg Olsen,9.0,8.3,ESPN
TE,Antonio Gates,9.0,7.8,ESPN
TE,Jimmy Graham,9.0,7.3,ESPN
TE,Eric Ebron,9.0,6.8,ESPN
TE,Delanie Walker,9.0,6.7,ESPN
TE,Dennis Pitta,9.0,6.6,ESPN
TE,Kyle Rudolph,9.0,6.2,ESPN
TE,Jason Witten,9.0,5.8,ESPN
TE,Gary Barnidge,9.0,5.4,ESPN
TE,Cameron Brate,9.0,5.2,ESPN
TE,Jack Doyle,9.0,5.2,ESPN
TE,Austin Hooper,9.0,5.1,ESPN
TE,Coby Fleener,9.0,5.1,ESPN
TE,Travis Kelce,9.0,4.6,ESPN
TE,Virgil Green,9.0,4.4,ESPN
TE,Charles Clay,9.0,4.3,ESPN
TE,Lance Kendricks,9.0,4.3,ESPN
TE,Dion Sims,9.0,4.3,ESPN
TE,Zach Ertz,9.0,4.2,ESPN
TE,Richard Rodgers,9.0,3.7,ESPN
TE,Jesse James,9.0,3.6,ESPN
TE,Hunter Henry,9.0,3.5,ESPN
TE,Clive Walford,9.0,3.3,ESPN
TE,Julius Thomas,9.0,3.1,ESPN
TE,Vance McDonald,9.0,2.9,ESPN
TE,Garrett Celek,9.0,2.9,ESPN
TE,Erik Swoope,9.0,1.9,ESPN
TE,Larry Donnell,9.0,1.9,ESPN
TE,Demetrius Harris,9.0,1.8,ESPN
TE,Levine Toilolo,9.0,1.8,ESPN
TE,Will Tye,9.0,1.8,ESPN
TE,Xavier Grimble,9.0,1.8,ESPN
TE,Josh Hill,9.0,1.7,ESPN
TE,Marcedes Lewis,9.0,1.7,ESPN
TE,Trey Burton,9.0,1.5,ESPN
TE,Crockett Gillmore,9.0,1.4,ESPN
TE,Mychal Rivera,9.0,0.6,ESPN
TE,Anthony Fasano,9.0,0.5,ESPN
TE,Dominique Jones,9.0,0.4,ESPN
TE,Nick O'Leary,9.0,0.3,ESPN
DEF,Seahawks ,9.0,9.5,ESPN
DEF,Chiefs ,9.0,8.9,ESPN
DEF,Giants ,9.0,8.4,ESPN
DEF,Chargers ,9.0,8.3,ESPN
DEF,Cowboys ,9.0,7.8,ESPN
DEF,Vikings ,9.0,7.4,ESPN
DEF,Ravens ,9.0,7.1,ESPN
DEF,Rams ,9.0,7.0,ESPN
DEF,Falcons ,9.0,7.0,ESPN
DEF,Panthers ,9.0,6.9,ESPN
DEF,Jaguars ,9.0,6.9,ESPN
DEF,Titans ,9.0,6.8,ESPN
DEF,Jets ,9.0,6.7,ESPN
DEF,Packers ,9.0,6.6,ESPN
DEF,Bills ,9.0,6.4,ESPN
DEF,Eagles ,9.0,6.3,ESPN
DEF,Steelers ,9.0,6.0,ESPN
DEF,Saints ,9.0,5.9,ESPN
DEF,Raiders ,9.0,5.9,ESPN
DEF,Broncos ,9.0,5.8,ESPN
DEF,Dolphins ,9.0,5.7,ESPN
DEF,Lions ,9.0,5.4,ESPN
DEF,Colts ,9.0,5.0,ESPN
DEF,Browns ,9.0,4.9,ESPN
DEF,Buccaneers ,9.0,4.5,ESPN
DEF,49ers ,9.0,2.2,ESPN
QB,Derek Anderson,9.0,0.0,ESPN
QB,Matt McGloin,9.0,0.0,ESPN
QB,Cody Kessler,9.0,0.0,ESPN
QB,Ryan Mallett,9.0,0.0,ESPN
QB,Shaun Hill,9.0,0.0,ESPN
QB,Nick Foles,9.0,0.0,ESPN
QB,Ryan Nassib,9.0,0.0,ESPN
QB,Chase Daniel,9.0,0.0,ESPN
QB,Chad Henne,9.0,0.0,ESPN
QB,EJ Manuel,9.0,0.0,ESPN
QB,Jared Goff,9.0,0.0,ESPN
QB,Dan Orlovsky,9.0,0.0,ESPN
QB,Mike Vick,9.0,0.0,ESPN
QB,Tony Romo,9.0,0.0,ESPN
QB,Tarvaris Jackson,9.0,0.0,ESPN
QB,Charlie Whitehurst,9.0,0.0,ESPN
QB,Bruce Gradkowski,9.0,0.0,ESPN
QB,Josh Javon Johnson,9.0,0.0,ESPN
QB,Matt Flynn,9.0,0.0,ESPN
QB,Josh Freeman,9.0,0.0,ESPN
QB,Jimmy Clausen,9.0,0.0,ESPN
QB,Dan LeFevour,9.0,0.0,ESPN
QB,Joe Webb,9.0,0.0,ESPN
QB,Thaddeus Lewis,9.0,0.0,ESPN
QB,Christian Ponder,9.0,0.0,ESPN
QB,Jerrod Johnson,9.0,0.0,ESPN
QB,Robert Griffin III,9.0,0.0,ESPN
QB,Kellen Moore,9.0,0.0,ESPN
RB,Jalen Richard,9.0,3.1,ESPN
RB,DeAndre Washington,9.0,3.0,ESPN
RB,Alfred Morris,9.0,2.9,ESPN
RB,Shaun Draughn,9.0,2.9,ESPN
RB,Kenneth Dixon,9.0,2.8,ESPN
RB,Robert Turbin,9.0,2.8,ESPN
RB,Kyle Juszczyk,9.0,2.7,ESPN
RB,Paul Perkins,9.0,2.7,ESPN
RB,Zach Zenner,9.0,2.7,ESPN
RB,Fozzy Whittaker,9.0,2.5,ESPN
RB,Travaris Cadet,9.0,1.9,ESPN
RB,Kapri Bibbs,9.0,1.7,ESPN
RB,DeAngelo Williams,9.0,1.6,ESPN
RB,Mike Gillislee,9.0,1.5,ESPN
RB,Don Jackson,9.0,1.5,ESPN
RB,Dexter McCluster,9.0,1.5,ESPN
RB,John Kuhn,9.0,1.1,ESPN
RB,Aaron Ripkowski,9.0,0.8,ESPN
RB,Mike Tolbert,9.0,0.5,ESPN
RB,Benjamin Cunningham,9.0,0.5,ESPN
RB,Daniel Lasco,9.0,0.4,ESPN
RB,Alex Collins,9.0,0.4,ESPN
RB,Wendell Smallwood,9.0,0.4,ESPN
RB,Kenneth Farrow,9.0,0.4,ESPN
RB,Lorenzo Taliaferro,9.0,0.4,ESPN
RB,Jamize Olawale,9.0,0.4,ESPN
RB,Andy Janovich,9.0,0.4,ESPN
RB,Juwan Thompson,9.0,0.3,ESPN
RB,Kenjon Barner,9.0,0.3,ESPN
RB,Lance Dunbar,9.0,0.3,ESPN
RB,Kenyan Drake,9.0,0.3,ESPN
RB,Zach Line,9.0,0.2,ESPN
RB,Patrick DiMarco,9.0,0.2,ESPN
RB,Jerome Felton,9.0,0.2,ESPN
RB,Derek Watt,9.0,0.2,ESPN
RB,Josh Ferguson,9.0,0.2,ESPN
RB,Anthony Sherman,9.0,0.1,ESPN
RB,Jonathan Williams,9.0,0.1,ESPN
RB,Reggie Bush,9.0,0.1,ESPN
RB,Ronnie Hillman,9.0,0.1,ESPN
WR,Tavon Austin,9.0,5.8,ESPN
WR,Rishard Matthews,9.0,5.7,ESPN
WR,Travis Benjamin,9.0,5.7,ESPN
WR,Robert Woods,9.0,5.7,ESPN
WR,Terrance Williams,9.0,5.7,ESPN
WR,Cole Beasley,9.0,5.6,ESPN
WR,Kendall Wright,9.0,5.5,ESPN
WR,Sterling Shepard,9.0,5.5,ESPN
WR,Robby Anderson,9.0,5.5,ESPN
WR,Brian Quick,9.0,5.4,ESPN
WR,Jeremy Kerley,9.0,5.4,ESPN
WR,Torrey Smith,9.0,5.3,ESPN
WR,Dontrelle Inman,9.0,5.3,ESPN
WR,Victor Cruz,9.0,5.2,ESPN
WR,Anquan Boldin,9.0,5.2,ESPN
WR,Adam Thielen,9.0,5.1,ESPN
WR,Marquise Goodwin,9.0,5.1,ESPN
WR,Adam Humphries,9.0,5.0,ESPN
WR,Tajae Sharpe,9.0,4.9,ESPN
WR,Cordarrelle Patterson,9.0,4.5,ESPN
WR,Jermaine Kearse,9.0,4.4,ESPN
WR,Nelson Agholor,9.0,4.3,ESPN
WR,Ted Ginn Jr.,9.0,4.2,ESPN
WR,Marqise Lee,9.0,4.2,ESPN
WR,Phillip Dorsett,9.0,4.2,ESPN
WR,Quinton Patton,9.0,4.1,ESPN
WR,Breshad Perriman,9.0,4.1,ESPN
WR,Tyler Lockett,9.0,4.1,ESPN
WR,Corey Brown,9.0,4.0,ESPN
WR,Ricardo Louis,9.0,4.0,ESPN
WR,Andrew Hawkins,9.0,3.8,ESPN
WR,Seth Roberts,9.0,3.4,ESPN
WR,Cecil Shorts III,9.0,3.3,ESPN
WR,Russell Shepard,9.0,3.3,ESPN
WR,Tyreek Hill,9.0,3.2,ESPN
WR,Devin Funchess,9.0,3.1,ESPN
WR,Chris Conley,9.0,3.1,ESPN
WR,Taylor Gabriel,9.0,2.9,ESPN
WR,Jordan Norwood,9.0,2.8,ESPN
WR,Justin Hunter,9.0,1.8,ESPN
TE,Luke Stocker,9.0,0.3,ESPN
TE,Brandon Myers,9.0,0.3,ESPN
TE,Austin Seferian-Jenkins,9.0,0.3,ESPN
TE,David Johnson,9.0,0.3,ESPN
TE,MyCole Pruitt,9.0,0.3,ESPN
TE,Phillip Supernaw,9.0,0.3,ESPN
TE,Geoff Swaim,9.0,0.3,ESPN
TE,Ed Dickson,9.0,0.3,ESPN
TE,Randall Telfer,9.0,0.3,ESPN
TE,Tyler Higbee,9.0,0.3,ESPN
TE,John Phillips,9.0,0.2,ESPN
TE,MarQueis Gray,9.0,0.2,ESPN
TE,Justin Perillo,9.0,0.2,ESPN
TE,Brent Celek,9.0,0.2,ESPN
TE,Brandon Bostick,9.0,0.2,ESPN
TE,Nick Vannett,9.0,0.2,ESPN
TE,Blake Bell,9.0,0.2,ESPN
TE,Clay Harbor,9.0,0.1,ESPN
TE,Ben Koyack,9.0,0.1,ESPN
TE,Seth DeValve,9.0,0.1,ESPN
TE,Rhett Ellison,9.0,0.0,ESPN
TE,Kellen Winslow,9.0,0.0,ESPN
TE,Benjamin Watson,9.0,0.0,ESPN
TE,Owen Daniels,9.0,0.0,ESPN
TE,Daniel Fells,9.0,0.0,ESPN
TE,Matt Spaeth,9.0,0.0,ESPN
TE,Craig Stevens,9.0,0.0,ESPN
TE,Jacob Tamme,9.0,0.0,ESPN
TE,Kellen Davis,9.0,0.0,ESPN
TE,Matthew Mulligan,9.0,0.0,ESPN
TE,James Casey,9.0,0.0,ESPN
TE,Chase Coffman,9.0,0.0,ESPN
TE,Jared Cook,9.0,0.0,ESPN
RB,Fitzgerald Toussaint,9.0,0.1,ESPN
RB,Justin Forsett,9.0,0.0,ESPN
RB,Jordan Todman,9.0,0.0,ESPN
RB,Malcolm Brown,9.0,0.0,ESPN
RB,Taiwan Jones,9.0,0.0,ESPN
RB,George Atkinson III,9.0,0.0,ESPN
RB,Antonio Andrews,9.0,0.0,ESPN
RB,Rod Smith,9.0,0.0,ESPN
RB,Fred Jackson,9.0,0.0,ESPN
RB,Adrian Peterson,9.0,0.0,ESPN
RB,Marshawn Lynch,9.0,0.0,ESPN
RB,Ahmad Bradshaw,9.0,0.0,ESPN
RB,Darren McFadden,9.0,0.0,ESPN
RB,Jamaal Charles,9.0,0.0,ESPN
RB,Marcel Reece,9.0,0.0,ESPN
RB,Danny Woodhead,9.0,0.0,ESPN
RB,Arian Foster,9.0,0.0,ESPN
RB,Jorvorskie Lane,9.0,0.0,ESPN
RB,Marcus Thigpen,9.0,0.0,ESPN
RB,C.J. Spiller,9.0,0.0,ESPN
RB,Ben Tate,9.0,0.0,ESPN
RB,Toby Gerhart,9.0,0.0,ESPN
RB,Boobie Dixon,9.0,0.0,ESPN
RB,James Starks,9.0,0.0,ESPN
RB,Tyler Clutts,9.0,0.0,ESPN
RB,Shane Vereen,9.0,0.0,ESPN
RB,Stevan Ridley,9.0,0.0,ESPN
RB,Ryan Williams,9.0,0.0,ESPN
RB,Daniel Thomas,9.0,0.0,ESPN
WR,Brandon Coleman,9.0,1.8,ESPN
WR,Eli Rogers,9.0,1.7,ESPN
WR,Josh Huff,9.0,1.7,ESPN
WR,Harry Douglas,9.0,1.6,ESPN
WR,Paul Richardson,9.0,1.5,ESPN
WR,Markus Wheaton,9.0,1.5,ESPN
WR,Justin Hardy,9.0,1.5,ESPN
WR,Kamar Aiken,9.0,1.4,ESPN
WR,Charone Peake,9.0,1.4,ESPN
WR,Aldrick Robinson,9.0,1.3,ESPN
WR,Chester Rogers,9.0,0.5,ESPN
WR,Andre Roberts,9.0,0.5,ESPN
WR,Tommylee Lewis,9.0,0.4,ESPN
WR,Brice Butler,9.0,0.4,ESPN
WR,Jalin Marshall,9.0,0.4,ESPN
WR,Andre Holmes,9.0,0.4,ESPN
WR,Lucky Whitehead,9.0,0.4,ESPN
WR,Darrius Heyward-Bey,9.0,0.3,ESPN
WR,Arrelious Benn,9.0,0.3,ESPN
WR,Walter Powell,9.0,0.3,ESPN
WR,Bennie Fowler,9.0,0.3,ESPN
WR,Devin Hester,9.0,0.3,ESPN
WR,Albert Wilson,9.0,0.3,ESPN
WR,Aaron Burbridge,9.0,0.3,ESPN
WR,Jordan Taylor,9.0,0.3,ESPN
WR,De'Anthony Thomas,9.0,0.3,ESPN
WR,Rod Streater,9.0,0.3,ESPN
WR,Dwayne Harris,9.0,0.3,ESPN
WR,Roger Lewis,9.0,0.3,ESPN
WR,Brandon Tate,9.0,0.3,ESPN
WR,Chris Moore,9.0,0.2,ESPN
WR,Cobi Hamilton,9.0,0.2,ESPN
WR,Charles Johnson,9.0,0.2,ESPN
WR,Rashard Higgins,9.0,0.2,ESPN
WR,Griff Whalen,9.0,0.2,ESPN
WR,Tanner McEvoy,9.0,0.2,ESPN
WR,Jakeem Grant,9.0,0.2,ESPN
WR,Eric Weems,9.0,0.2,ESPN
WR,Marc Mariani,9.0,0.2,ESPN
WR,Jordan Payton,9.0,0.1,ESPN
RB,Kendall Hunter,9.0,0.0,ESPN
RB,Roy Helu Jr.,9.0,0.0,ESPN
RB,Jacquizz Rodgers,9.0,0.0,ESPN
RB,DuJuan Harris,9.0,0.0,ESPN
RB,Chase Reynolds,9.0,0.0,ESPN
RB,Will Johnson,9.0,0.0,ESPN
RB,Trent Richardson,9.0,0.0,ESPN
RB,Doug Martin,9.0,0.0,ESPN
RB,Isaiah Pead,9.0,0.0,ESPN
RB,LaMike James,9.0,0.0,ESPN
RB,Bernard Pierce,9.0,0.0,ESPN
RB,Cyrus Gray,9.0,0.0,ESPN
RB,Vick Ballard,9.0,0.0,ESPN
RB,Daniel Herron,9.0,0.0,ESPN
RB,Bryce Brown,9.0,0.0,ESPN
RB,Daryl Richardson,9.0,0.0,ESPN
RB,Cory Harkey,9.0,0.0,ESPN
RB,Joe Banyard,9.0,0.0,ESPN
RB,Derrick Coleman,9.0,0.0,ESPN
RB,Jonas Gray,9.0,0.0,ESPN
RB,Knile Davis,9.0,0.0,ESPN
RB,Eddie Lacy,9.0,0.0,ESPN
RB,Denard Robinson,9.0,0.0,ESPN
RB,Mike James,9.0,0.0,ESPN
RB,Tommy Bohanon,9.0,0.0,ESPN
RB,Zac Stacy,9.0,0.0,ESPN
RB,C.J. Anderson,9.0,0.0,ESPN
WR,Bradley Marquez,9.0,0.1,ESPN
WR,Trevor Davis,9.0,0.1,ESPN
WR,Bryan Walters,9.0,0.1,ESPN
WR,Johnny Holton,9.0,0.1,ESPN
WR,Michael Thomas,9.0,0.1,ESPN
WR,Cody Latimer,9.0,0.1,ESPN
WR,Andre Johnson,9.0,0.0,ESPN
WR,Jerricho Cotchery,9.0,0.0,ESPN
WR,Wes Welker,9.0,0.0,ESPN
WR,Roddy White,9.0,0.0,ESPN
WR,Vincent Jackson,9.0,0.0,ESPN
WR,Joshua Cribbs,9.0,0.0,ESPN
WR,Lance Moore,9.0,0.0,ESPN
WR,Greg Jennings,9.0,0.0,ESPN
WR,Derek Hagan,9.0,0.0,ESPN
WR,Jason Avant,9.0,0.0,ESPN
WR,Marques Colston,9.0,0.0,ESPN
WR,Miles Austin,9.0,0.0,ESPN
WR,Calvin Johnson,9.0,0.0,ESPN
WR,Dwayne Bowe,9.0,0.0,ESPN
WR,Jacoby Jones,9.0,0.0,ESPN
WR,James Jones,9.0,0.0,ESPN
WR,Jerome Simpson,9.0,0.0,ESPN
WR,Andre Jerome Caldwell,9.0,0.0,ESPN
WR,Stevie Johnson,9.0,0.0,ESPN
WR,Brian Hartline,9.0,0.0,ESPN
WR,Percy Harvin,9.0,0.0,ESPN
WR,Louis Murphy,9.0,0.0,ESPN
WR,Hakeem Nicks,9.0,0.0,ESPN
WR,Kevin Ogletree,9.0,0.0,ESPN
RB,Kendall Gaskins,9.0,0.0,ESPN
RB,Steven Miller,9.0,0.0,ESPN
RB,George Winn,9.0,0.0,ESPN
RB,Khiry Robinson,9.0,0.0,ESPN
RB,Charles Sims,9.0,0.0,ESPN
RB,Dri Archer,9.0,0.0,ESPN
RB,Tre Mason,9.0,0.0,ESPN
RB,Bishop Sankey,9.0,0.0,ESPN
RB,Storm Johnson,9.0,0.0,ESPN
RB,Lache Seastrunk,9.0,0.0,ESPN
RB,Andre Williams,9.0,0.0,ESPN
RB,Branden Oliver,9.0,0.0,ESPN
RB,Darrin Reaves,9.0,0.0,ESPN
RB,Trey Watts,9.0,0.0,ESPN
RB,Austin Johnson,9.0,0.0,ESPN
RB,Orleans Darkwa,9.0,0.0,ESPN
RB,Glenn Winston,9.0,0.0,ESPN
RB,Roosevelt Nix,9.0,0.0,ESPN
RB,Marcus Murphy,9.0,0.0,ESPN
RB,Michael Burton,9.0,0.0,ESPN
RB,Jalston Fowler,9.0,0.0,ESPN
RB,Malcolm Johnson,9.0,0.0,ESPN
RB,David Cobb,9.0,0.0,ESPN
RB,Ameer Abdullah,9.0,0.0,ESPN
RB,Karlos Williams,9.0,0.0,ESPN
RB,Javorius Allen,9.0,0.0,ESPN
WR,Marcus Easley,9.0,0.0,ESPN
WR,Riley Cooper,9.0,0.0,ESPN
WR,Eric Decker,9.0,0.0,ESPN
WR,Kyle Williams,9.0,0.0,ESPN
WR,Mike Williams,9.0,0.0,ESPN
WR,Seyi Ajirotutu,9.0,0.0,ESPN
WR,Marlon Moore,9.0,0.0,ESPN
WR,Danario Alexander,9.0,0.0,ESPN
WR,Leonard Hankerson,9.0,0.0,ESPN
WR,Greg Little,9.0,0.0,ESPN
WR,Vincent Brown,9.0,0.0,ESPN
WR,Greg Salas,9.0,0.0,ESPN
WR,Denarius Moore,9.0,0.0,ESPN
WR,Ricardo Lockette,9.0,0.0,ESPN
WR,Joe Morgan,9.0,0.0,ESPN
WR,Jeremy Ross,9.0,0.0,ESPN
WR,Justin Blackmon,9.0,0.0,ESPN
WR,Stephen Hill,9.0,0.0,ESPN
WR,Rueben Randle,9.0,0.0,ESPN
WR,Keshawn Martin,9.0,0.0,ESPN
WR,Jarius Wright,9.0,0.0,ESPN
WR,T.J. Graham,9.0,0.0,ESPN
WR,Nick Toon,9.0,0.0,ESPN
WR,DeVier Posey,9.0,0.0,ESPN
WR,LaVon Brazill,9.0,0.0,ESPN
WR,Chris Givens,9.0,0.0,ESPN
WR,Kashif Moore,9.0,0.0,ESPN
WR,Nathan Palmer,9.0,0.0,ESPN
WR,Chris Owusu,9.0,0.0,ESPN
WR,Brian Tyms,9.0,0.0,ESPN
WR,Jeff Fuller,9.0,0.0,ESPN
WR,Jarrett Boykin,9.0,0.0,ESPN
WR,LaRon Byrd,9.0,0.0,ESPN
RB,Josh Robinson,9.0,0.0,ESPN
RB,Tyler Varga,9.0,0.0,ESPN
RB,Tevin Coleman,9.0,0.0,ESPN
RB,Cameron Artis-Payne,9.0,0.0,ESPN
RB,Michael Dyer,9.0,0.0,ESPN
RB,John Crockett,9.0,0.0,ESPN
RB,Terrence Magee,9.0,0.0,ESPN
RB,Thomas Rawls,9.0,0.0,ESPN
RB,Gus Johnson,9.0,0.0,ESPN
RB,Jarryd Hayne,9.0,0.0,ESPN
RB,Brandon Wegher,9.0,0.0,ESPN
RB,Alonzo Harris,9.0,0.0,ESPN
RB,Corey Grant,9.0,0.0,ESPN
RB,Nikita Whitlock,9.0,0.0,ESPN
RB,Trey Williams,9.0,0.0,ESPN
RB,Kelvin Taylor,9.0,0.0,ESPN
RB,Darius Jackson,9.0,0.0,ESPN
RB,Dwayne Washington,9.0,0.0,ESPN
RB,Zac Brooks,9.0,0.0,ESPN
RB,Terrell Watson,9.0,0.0,ESPN
RB,Brandon Wilds,9.0,0.0,ESPN
RB,Jhurell Pressley,9.0,0.0,ESPN
RB,Byron Marshall,9.0,0.0,ESPN
RB,James Wilder Jr.,9.0,0.0,ESPN
RB,Dreamius Smith,9.0,0.0,ESPN
RB,Devon Johnson,9.0,0.0,ESPN
RB,Troymaine Pope,9.0,0.0,ESPN
RB,Glenn Gronkowski,9.0,0.0,ESPN
RB,Julian Howsare,9.0,0.0,ESPN
WR,Damaris Johnson,9.0,0.0,ESPN
WR,Josh Gordon,9.0,0.0,ESPN
WR,Keenan Allen,9.0,0.0,ESPN
WR,Stedman Bailey,9.0,0.0,ESPN
WR,Aaron Dobson,9.0,0.0,ESPN
WR,Tavarres King,9.0,0.0,ESPN
WR,Josh Boyce,9.0,0.0,ESPN
WR,Chris Harper,9.0,0.0,ESPN
WR,Corey Fuller,9.0,0.0,ESPN
WR,Da'Rick Rogers,9.0,0.0,ESPN
WR,Ryan Spadola,9.0,0.0,ESPN
WR,Nick Williams,9.0,0.0,ESPN
WR,Rodney Smith,9.0,0.0,ESPN
WR,Kenbrell Thompkins,9.0,0.0,ESPN
WR,Myles White,9.0,0.0,ESPN
WR,Marlon Brown,9.0,0.0,ESPN
WR,Sammy Watkins,9.0,0.0,ESPN
WR,Shaq Evans,9.0,0.0,ESPN
WR,Jared Abbrederis,9.0,0.0,ESPN
WR,Kevin Norwood,9.0,0.0,ESPN
WR,Martavis Bryant,9.0,0.0,ESPN
WR,Bruce Ellington,9.0,0.0,ESPN
WR,Devin Street,9.0,0.0,ESPN
WR,Jeff Janis,9.0,0.0,ESPN
WR,Corey Washington,9.0,0.0,ESPN
WR,Robert Herron,9.0,0.0,ESPN
WR,Michael Campanaro,9.0,0.0,ESPN
WR,Brenton Bersin,9.0,0.0,ESPN
WR,Frankie Hammond,9.0,0.0,ESPN
WR,TJ Jones,9.0,0.0,ESPN
WR,Isaiah Burse,9.0,0.0,ESPN
WR,Jeremy Butler,9.0,0.0,ESPN
WR,Damian Copeland,9.0,0.0,ESPN
WR,Jonathan Krause,9.0,0.0,ESPN
WR,Freddie Martino,9.0,0.0,ESPN
WR,Kevin Smith,9.0,0.0,ESPN
WR,Andre Debose,9.0,0.0,ESPN
WR,DiAndre Campbell,9.0,0.0,ESPN
WR,Issac Blakeney,9.0,0.0,ESPN
WR,Geremy Davis,9.0,0.0,ESPN
WR,Da'Ron Brown,9.0,0.0,ESPN
WR,Kenny Bell,9.0,0.0,ESPN
WR,Dres Anderson,9.0,0.0,ESPN
WR,DeAndrew White,9.0,0.0,ESPN
WR,Kaelin Clay,9.0,0.0,ESPN
WR,Tre McBride,9.0,0.0,ESPN
WR,Dezmin Lewis,9.0,0.0,ESPN
WR,Quan Bray,9.0,0.0,ESPN
WR,Devin Smith,9.0,0.0,ESPN
WR,Evan Spencer,9.0,0.0,ESPN
WR,Rashad Greene,9.0,0.0,ESPN
WR,Vince Mayle,9.0,0.0,ESPN
WR,DeAndre Smelter,9.0,0.0,ESPN
WR,Duron Carter,9.0,0.0,ESPN
WR,Antwan Goodley,9.0,0.0,ESPN
WR,Chris Matthews,9.0,0.0,ESPN
WR,Seantavius Jones,9.0,0.0,ESPN
WR,Matt Hazel,9.0,0.0,ESPN
WR,Chris Harper,9.0,0.0,ESPN
WR,Tyler Murphy,9.0,0.0,ESPN
WR,Donteea Dye,9.0,0.0,ESPN
WR,Javontee Herndon,9.0,0.0,ESPN
WR,Eric Rogers,9.0,0.0,ESPN
WR,Corey Coleman,9.0,0.0,ESPN
WR,Laquon Treadwell,9.0,0.0,ESPN
WR,Leonte Carroo,9.0,0.0,ESPN
WR,Pharoh Cooper,9.0,0.0,ESPN
WR,Demarcus Robinson,9.0,0.0,ESPN
WR,Moritz Bohringer,9.0,0.0,ESPN
WR,Keenan Reynolds,9.0,0.0,ESPN
WR,Kolby Listenbee,9.0,0.0,ESPN
WR,Demarcus Ayers,9.0,0.0,ESPN
WR,Devin Lewis Fuller,9.0,0.0,ESPN
WR,Kenny Lawler,9.0,0.0,ESPN
WR,Max McCaffrey,9.0,0.0,ESPN
WR,Kasen Williams,9.0,0.0,ESPN
WR,Reggie Bell,9.0,0.0,ESPN
WR,Marquez North,9.0,0.0,ESPN
WR,Andy Jones,9.0,0.0,ESPN
WR,Xavier Rush,9.0,0.0,ESPN
WR,Dom Williams,9.0,0.0,ESPN
WR,Damiere Byrd,9.0,0.0,ESPN
WR,R.J. Harris,9.0,0.0,ESPN
WR,Bernard Reedy,9.0,0.0,ESPN
WR,Paul McRoberts,9.0,0.0,ESPN
WR,Anthony Dable,9.0,0.0,ESPN
WR,Darius Jennings,9.0,0.0,ESPN
WR,Devon Cajuste,9.0,0.0,ESPN
WR,Mitch Mathews,9.0,0.0,ESPN
WR,Keyarris Garrett,9.0,0.0,ESPN
WR,Bryce Treggs,9.0,0.0,ESPN
WR,Nelson Spruce,9.0,0.0,ESPN
